patient,drug_id_A,drug_name_A,drug_id_B,drug_name_B,cluster,cluster_p,cluster_cell_death_A,cluster_cell_death_B,cluster_cell_death_combi,cell_death_A,cell_death_B,cell_death_combi,improve,improve_p,kill_entropy,sum_kill_dif
HN120,1007,Docetaxel,133,Doxorubicin,D1|D2|G1|G2,0.31318681318681|0.17582417582418|0.34065934065934|0.12087912087912,10.768034058802|13.470080993016|5.8183012860094|6.6029705368753,87.32965858477|84.087272226485|70.694442969728|77.868315057602,88.694005263728|86.230729545776|72.399528571293|79.329663693663,8.5209921135827,75.63044860423,77.19211548449478,1.5616668802647808,0.020648652878378367,0.0,283.3203019638823
HN120,1007,Docetaxel,201,Epothilone B,D1|D2|G1|G2,0.31318681318681|0.17582417582418|0.34065934065934|0.12087912087912,10.768034058802|13.470080993016|5.8183012860094|6.6029705368753,82.559569253274|75.901345747413|42.111021580233|56.609786018278,84.437560776083|79.147453993463|45.479176756088|59.474829063378,8.5209921135827,60.390313965552,63.04293785878762,2.6526238932356208,0.04392465809581215,0.0,220.52233572449532
HN120,1007,Docetaxel,1010,Gefitinib,D1|D2|G1|G2,0.31318681318681|0.17582417582418|0.34065934065934|0.12087912087912,10.768034058802|13.470080993016|5.8183012860094|6.6029705368753,17.658569782699|19.388553836629|13.518964215252|14.624271170851,26.525123033003|30.246980924477|18.55069143247|20.261605391082,8.5209921135827,15.312538173024,22.394140603743782,7.081602430719782,0.462470842567132,0.0,28.5309721307283
HN120,1007,Docetaxel,182,Obatoclax Mesylate,D1|D2|G1|G2,0.31318681318681|0.17582417582418|0.34065934065934|0.12087912087912,10.768034058802|13.470080993016|5.8183012860094|6.6029705368753,77.719989977921|69.112193712182|59.669567273852|64.850541772004,80.119109045403|73.272806236117|62.016113359811|67.17145014267,8.5209921135827,64.658542403814,67.22137333291593,2.562830929101935,0.03963638575543828,0.0,234.69290586125632
HN120,1007,Docetaxel,301,PHA-793887,D1|D2|G1|G2,0.31318681318681|0.17582417582418|0.34065934065934|0.12087912087912,10.768034058802|13.470080993016|5.8183012860094|6.6029705368753,59.299276450398|63.186291930058|74.302634923771|69.493129458719,63.681944224398|68.145128223612|75.797785046472|71.507489132282,8.5209921135827,63.393584136265,66.39089207548196,2.9973079392169595,0.047280935130189564,0.0,229.62194588824326
HN120,1007,Docetaxel,302,PI-103,D1|D2|G1|G2,0.31318681318681|0.17582417582418|0.34065934065934|0.12087912087912,10.768034058802|13.470080993016|5.8183012860094|6.6029705368753,73.319982827324|81.138919196998|93.555298867|88.708940980432,76.192896163372|83.679522057321|93.930270995901|89.454486280795,8.5209921135827,79.82258058673,81.38689718170221,1.5643165949722118,0.01959741947045332,0.0,300.0637549970513
HN120,1007,Docetaxel,1012,Vorinostat,D1|D2|G1|G2,0.31318681318681|0.17582417582418|0.34065934065934|0.12087912087912,10.768034058802|13.470080993016|5.8183012860094|6.6029705368753,53.148545025719|51.900665978329|54.36145585765|56.105829785252,58.193525654394|58.379685228149|57.0168438584|59.004148911938,8.5209921135827,51.07157635287,55.04569497189382,3.9741186190238267,0.07781468485651116,0.0,178.8571097722473
HN120,133,Doxorubicin,201,Epothilone B,D1|D2|G1|G2,0.31318681318681|0.17582417582418|0.34065934065934|0.12087912087912,87.32965858477|84.087272226485|70.694442969728|77.868315057602,82.559569253274|75.901345747413|42.111021580233|56.609786018278,97.790237880103|96.165246751705|83.035312414953|90.397014545733,75.63044860423,60.390313965552,86.74865464260256,11.118206038372563,0.14700700899651578,0.0,62.797966239386994
HN120,133,Doxorubicin,1010,Gefitinib,D1|D2|G1|G2,0.31318681318681|0.17582417582418|0.34065934065934|0.12087912087912,87.32965858477|84.087272226485|70.694442969728|77.868315057602,17.658569782699|19.388553836629|13.518964215252|14.624271170851,89.567059665285|87.172520017729|74.656250737731|81.104912678257,75.63044860423,15.312538173024,78.61449816565661,2.984049561426616,0.03945566390914834,0.0,254.789329833154
HN120,133,Doxorubicin,182,Obatoclax Mesylate,D1|D2|G1|G2,0.31318681318681|0.17582417582418|0.34065934065934|0.12087912087912,87.32965858477|84.087272226485|70.694442969728|77.868315057602,77.719989977921|69.112193712182|59.669567273852|64.850541772004,97.177046662855|95.084907470209|88.180942036883|92.22083264602,75.63044860423,64.658542403814,88.34002979850891,12.709581194278911,0.16804847027666667,0.0,48.627396102626
HN120,133,Doxorubicin,301,PHA-793887,D1|D2|G1|G2,0.31318681318681|0.17582417582418|0.34065934065934|0.12087912087912,87.32965858477|84.087272226485|70.694442969728|77.868315057602,59.299276450398|63.186291930058|74.302634923771|69.493129458719,94.843079367797|94.141934851494|92.469244022309|93.248315526018,75.63044860423,63.393584136265,89.02831598993254,13.39786738570254,0.17714911960674526,0.9643304414589362,60.914739983725006
HN120,133,Doxorubicin,302,PI-103,D1|D2|G1|G2,0.31318681318681|0.17582417582418|0.34065934065934|0.12087912087912,87.32965858477|84.087272226485|70.694442969728|77.868315057602,73.319982827324|81.138919196998|93.555298867|88.708940980432,96.61955073458|96.998687556676|98.111344434038|97.501098391129,75.63044860423,79.82258058673,92.52307644615313,12.700495859423128,0.15910906119633153,1.0195249114557647,50.659510607035
HN120,133,Doxorubicin,1012,Vorinostat,D1|D2|G1|G2,0.31318681318681|0.17582417582418|0.34065934065934|0.12087912087912,87.32965858477|84.087272226485|70.694442969728|77.868315057602,53.148545025719|51.900665978329|54.36145585765|56.105829785252,94.063760696756|92.346083916258|86.625370418578|90.285480539992,75.63044860423,51.07157635287,86.11957463113718,10.489126026907186,0.1386891949008026,0.0,104.463192191635
HN120,201,Epothilone B,1010,Gefitinib,D1|D2|G1|G2,0.31318681318681|0.17582417582418|0.34065934065934|0.12087912087912,82.559569253274|75.901345747413|42.111021580233|56.609786018278,17.658569782699|19.388553836629|13.518964215252|14.624271170851,85.639299887088|80.573726301079|49.937011857376|62.955288572578,60.390313965552,15.312538173024,65.60939790633277,5.219083940780777,0.08642253364931769,0.0,191.991363593767
HN120,201,Epothilone B,182,Obatoclax Mesylate,D1|D2|G1|G2,0.31318681318681|0.17582417582418|0.34065934065934|0.12087912087912,82.559569253274|75.901345747413|42.111021580233|56.609786018278,77.719989977921|69.112193712182|59.669567273852|64.850541772004,96.114270281736|92.55645435649|76.653124502562|84.748574861457,60.390313965552,64.658542403814,82.73232039328278,18.07377798946878,0.27952652994544874,1.0195249114557647,37.428032757928996
HN120,201,Epothilone B,301,PHA-793887,D1|D2|G1|G2,0.31318681318681|0.17582417582418|0.34065934065934|0.12087912087912,82.559569253274|75.901345747413|42.111021580233|56.609786018278,59.299276450398|63.186291930058|74.302634923771|69.493129458719,92.901618495915|91.128391774668|85.124057876573|86.763003593011,60.390313965552,63.393584136265,84.60427724423248,21.21069310796748,0.33458737815446643,1.0195249114557647,81.05030340421001
HN120,201,Epothilone B,302,PI-103,D1|D2|G1|G2,0.31318681318681|0.17582417582418|0.34065934065934|0.12087912087912,82.559569253274|75.901345747413|42.111021580233|56.609786018278,73.319982827324|81.138919196998|93.555298867|88.708940980432,95.346890081785|95.454733348983|96.269228351899|95.100785330607,60.390313965552,79.82258058673,90.93534965340824,11.11276906667824,0.1392183638388367,0.938724980836183,98.02059212445602
HN120,201,Epothilone B,1012,Vorinostat,D1|D2|G1|G2,0.31318681318681|0.17582417582418|0.34065934065934|0.12087912087912,82.559569253274|75.901345747413|42.111021580233|56.609786018278,53.148545025719|51.900665978329|54.36145585765|56.105829785252,91.828904441377|88.408707796321|73.580313030339|80.95422561832,60.390313965552,51.07157635287,79.15548667101538,18.765172705463385,0.3107314977061961,0.9643304414589362,66.16609450708201
HN120,1010,Gefitinib,182,Obatoclax Mesylate,D1|D2|G1|G2,0.31318681318681|0.17582417582418|0.34065934065934|0.12087912087912,17.658569782699|19.388553836629|13.518964215252|14.624271170851,77.719989977921|69.112193712182|59.669567273852|64.850541772004,81.654321095262|75.100892663249|65.121824041956|69.990893858351,15.312538173024,64.658542403814,69.42240452274135,4.763862118927349,0.07367722719722715,0.0,206.161933730528
HN120,1010,Gefitinib,301,PHA-793887,D1|D2|G1|G2,0.31318681318681|0.17582417582418|0.34065934065934|0.12087912087912,17.658569782699|19.388553836629|13.518964215252|14.624271170851,59.299276450398|63.186291930058|74.302634923771|69.493129458719,66.486442120468|70.323937538458|77.776652512689|73.954536932416,15.312538173024,63.393584136265,68.6222278593253,5.2286437230603084,0.08247906778423032,0.0,201.09097375751497
HN120,1010,Gefitinib,302,PI-103,D1|D2|G1|G2,0.31318681318681|0.17582417582418|0.34065934065934|0.12087912087912,17.658569782699|19.388553836629|13.518964215252|14.624271170851,73.319982827324|81.138919196998|93.555298867|88.708940980432,78.031292277797|84.795810002658|94.42655570695|90.360176069514,15.312538173024,79.82258058673,82.43747201802043,2.614891431290431,0.03275879346508048,0.0,271.532782866323
HN120,1010,Gefitinib,1012,Vorinostat,D1|D2|G1|G2,0.31318681318681|0.17582417582418|0.34065934065934|0.12087912087912,17.658569782699|19.388553836629|13.518964215252|14.624271170851,53.148545025719|51.900665978329|54.36145585765|56.105829785252,61.421841896562|61.226431250181|60.531314308616|62.525032265652,15.312538173024,51.07157635287,58.18012629169433,7.108549938824332,0.13918798765303556,0.0,150.32613764151898
HN120,182,Obatoclax Mesylate,301,PHA-793887,D1|D2|G1|G2,0.31318681318681|0.17582417582418|0.34065934065934|0.12087912087912,77.719989977921|69.112193712182|59.669567273852|64.850541772004,59.299276450398|63.186291930058|74.302634923771|69.493129458719,90.93187471409|88.629053163993|89.636141465539|89.277000282424,64.658542403814,63.393584136265,85.38890844520681,20.730366041392813,0.3206129502877565,1.0195249114557647,43.62227064628101
HN120,182,Obatoclax Mesylate,302,PI-103,D1|D2|G1|G2,0.31318681318681|0.17582417582418|0.34065934065934|0.12087912087912,77.719989977921|69.112193712182|59.669567273852|64.850541772004,73.319982827324|81.138919196998|93.555298867|88.708940980432,94.055689500035|94.17422589778|97.400824145154|96.031253926419,64.658542403814,79.82258058673,90.80378139347106,10.981200806741057,0.13757010517606108,0.938724980836183,74.17086343698901
HN120,182,Obatoclax Mesylate,1012,Vorinostat,D1|D2|G1|G2,0.31318681318681|0.17582417582418|0.34065934065934|0.12087912087912,77.719989977921|69.112193712182|59.669567273852|64.850541772004,53.148545025719|51.900665978329|54.36145585765|56.105829785252,89.56149113624|85.143170881656|81.593777657476|84.571436975842,64.658542403814,51.07157635287,81.03830929236656,16.379766888552567,0.2533271904933381,0.0,55.835796089009
HN120,301,PHA-793887,302,PI-103,D1|D2|G1|G2,0.31318681318681|0.17582417582418|0.34065934065934|0.12087912087912,59.299276450398|63.186291930058|74.302634923771|69.493129458719,73.319982827324|81.138919196998|93.555298867|88.708940980432,89.141039967563|93.056536774347|98.343881621781|96.555451242161,63.393584136265,79.82258058673,89.45268704839637,9.630106461666372,0.1206438878683323,0.0,70.44180910880803
HN120,301,PHA-793887,1012,Vorinostat,D1|D2|G1|G2,0.31318681318681|0.17582417582418|0.34065934065934|0.12087912087912,59.299276450398|63.186291930058|74.302634923771|69.493129458719,53.148545025719|51.900665978329|54.36145585765|56.105829785252,80.931118831952|82.292851589676|88.272096696264|86.609262317417,63.393584136265,51.07157635287,80.35559774968371,16.962013613418712,0.267566723739089,0.0,50.76483611599598
HN120,302,PI-103,1012,Vorinostat,D1|D2|G1|G2,0.31318681318681|0.17582417582418|0.34065934065934|0.12087912087912,73.319982827324|81.138919196998|93.555298867|88.708940980432,53.148545025719|51.900665978329|54.36145585765|56.105829785252,87.500023767213|90.927945744467|97.058732228573|95.043883334903,79.82258058673,51.07157635287,87.94396950600824,8.121388919278246,0.10174300128588395,0.0,121.206645224804
HN137,1007,Docetaxel,133,Doxorubicin,E1|E2|E3|F1|F2|F3,0.34090909090909|0.085227272727273|0.073863636363636|0.26704545454545|0.11931818181818|0.096590909090909,19.585333371545|16.02760069062|12.861596918384|15.589062316795|9.9487538918846|4.2808965292632,68.244069728685|35.34826924999|50.029643891255|79.47385362697|41.042794500555|53.691842741176,74.463574537557|45.710390494176|56.456629672643|82.673687376298|46.908301777227|55.674247038035,14.756362353451,61.279458662707,66.50344522195873,5.223986559251728,0.08524857551378637,0.0,249.5372300201392
HN137,1007,Docetaxel,201,Epothilone B,E1|E2|E3|F1|F2|F3,0.34090909090909|0.085227272727273|0.073863636363636|0.26704545454545|0.11931818181818|0.096590909090909,19.585333371545|16.02760069062|12.861596918384|15.589062316795|9.9487538918846|4.2808965292632,62.407833255845|16.012617329511|38.762445131624|62.29385706393|11.275096244404|33.477880498562,69.770384434275|29.47377965444|46.638572601469|68.171891183494|20.10211855986|36.325623603491,14.756362353451,46.71751882737,53.85448966666319,7.136970839293191,0.15276861910551454,0.4425054140803651,145.9664525276022
HN137,1007,Docetaxel,1010,Gefitinib,E1|E2|E3|F1|F2|F3,0.34090909090909|0.085227272727273|0.073863636363636|0.26704545454545|0.11931818181818|0.096590909090909,19.585333371545|16.02760069062|12.861596918384|15.589062316795|9.9487538918846|4.2808965292632,22.785538571641|17.573094960434|25.580247486148|12.150634983398|11.020853550519|9.463396271309,37.908248253428|30.784150161812|35.151816082139|25.845527240745|19.873169845877|13.339174598043,14.756362353451,16.628792394419,28.704960636055716,12.076168241636715,0.7262203986436051,0.853856384286444,27.157376771751196
HN137,1007,Docetaxel,182,Obatoclax Mesylate,E1|E2|E3|F1|F2|F3,0.34090909090909|0.085227272727273|0.073863636363636|0.26704545454545|0.11931818181818|0.096590909090909,19.585333371545|16.02760069062|12.861596918384|15.589062316795|9.9487538918846|4.2808965292632,60.040687445786|23.755508004667|40.918326704179|65.390545268936|26.741473497364|38.121337706613,67.866852022506|35.975670730271|48.517173376124|70.785834734465|34.029784003932|40.770299213085,14.756362353451,49.85057628448,56.687637610334285,6.837061325854286,0.1371510990532495,0.0,176.67463490905317
HN137,1007,Docetaxel,301,PHA-793887,E1|E2|E3|F1|F2|F3,0.34090909090909|0.085227272727273|0.073863636363636|0.26704545454545|0.11931818181818|0.096590909090909,19.585333371545|16.02760069062|12.861596918384|15.589062316795|9.9487538918846|4.2808965292632,51.629124556796|28.432861679093|49.420576001188|55.11808320884|37.593625544616|42.465042940239,61.102721767082|39.903356834872|55.925897639556|62.114753186386|43.80228215203|44.928054920123,14.756362353451,46.980850362762,54.51573060486949,7.534880242107491,0.1603819467703759,0.0,186.3660702122802
HN137,1007,Docetaxel,302,PI-103,E1|E2|E3|F1|F2|F3,0.34090909090909|0.085227272727273|0.073863636363636|0.26704545454545|0.11931818181818|0.096590909090909,19.585333371545|16.02760069062|12.861596918384|15.589062316795|9.9487538918846|4.2808965292632,51.674841534449|23.592369767377|61.047080717369|67.532285353135|43.326338514808|63.743953429062,61.139484922255|35.838679638227|66.057048183444|72.593697622274|48.96466161749|65.296037268365,14.756362353451,53.497192139805,60.31184790948716,6.814655769682162,0.12738342886993623,0.0,232.62362559770818
HN137,1007,Docetaxel,1012,Vorinostat,E1|E2|E3|F1|F2|F3,0.34090909090909|0.085227272727273|0.073863636363636|0.26704545454545|0.11931818181818|0.096590909090909,19.585333371545|16.02760069062|12.861596918384|15.589062316795|9.9487538918846|4.2808965292632,55.216153465926|32.01705858264|36.598644764046|41.621216260695|31.460138148611|28.345656011303,63.987219106225|42.913092970753|44.753071515287|50.721921237602|38.279000322043|31.413104336181,14.756362353451,41.86218003519,49.923474711811295,8.061294676621294,0.19256748382059521,0.0,146.9656235147292
HN137,133,Doxorubicin,201,Epothilone B,E1|E2|E3|F1|F2|F3,0.34090909090909|0.085227272727273|0.073863636363636|0.26704545454545|0.11931818181818|0.096590909090909,68.244069728685|35.34826924999|50.029643891255|79.47385362697|41.042794500555|53.691842741176,62.407833255845|16.012617329511|38.762445131624|62.29385706393|11.275096244404|33.477880498562,88.06225774125|45.700703491895|69.399375759984|92.260381909318|47.690276163628|69.194832289371,61.279458662707,46.71751882737,76.05388522628732,14.77442656358032,0.2410991690527389,0.0,103.60074421475501
HN137,133,Doxorubicin,1010,Gefitinib,E1|E2|E3|F1|F2|F3,0.34090909090909|0.085227272727273|0.073863636363636|0.26704545454545|0.11931818181818|0.096590909090909,68.244069728685|35.34826924999|50.029643891255|79.47385362697|41.042794500555|53.691842741176,22.785538571641|17.573094960434|25.580247486148|12.150634983398|11.020853550519|9.463396271309,75.479829469439|46.709579288253|62.812184653581|81.967910748915|47.540381776127|58.074167168519,61.279458662707,16.628792394419,67.52325296789262,6.243794305185617,0.10189049383664707,0.0,229.256707915182
HN137,133,Doxorubicin,182,Obatoclax Mesylate,E1|E2|E3|F1|F2|F3,0.34090909090909|0.085227272727273|0.073863636363636|0.26704545454545|0.11931818181818|0.096590909090909,68.244069728685|35.34826924999|50.029643891255|79.47385362697|41.042794500555|53.691842741176,60.040687445786|23.755508004667|40.918326704179|65.390545268936|26.741473497364|38.121337706613,87.310548568387|50.706616323464|70.476677459073|92.896012662994|56.808819983976|71.345131755522,61.279458662707,49.85057628448,77.76928420790401,16.489825545197007,0.2690922195634908,0.0,72.862595111086
HN137,133,Doxorubicin,301,PHA-793887,E1|E2|E3|F1|F2|F3,0.34090909090909|0.085227272727273|0.073863636363636|0.26704545454545|0.11931818181818|0.096590909090909,68.244069728685|35.34826924999|50.029643891255|79.47385362697|41.042794500555|53.691842741176,51.629124556796|28.432861679093|49.420576001188|55.11808320884|37.593625544616|42.465042940239,84.639378522632|53.73060642728|74.725281710042|90.787472064425|63.206945567586|73.356621605969,61.279458662707,46.980850362762,77.82483000708112,16.545371344374118,0.26999865379756005,0.0,63.17115980785899
HN137,133,Doxorubicin,302,PI-103,E1|E2|E3|F1|F2|F3,0.34090909090909|0.085227272727273|0.073863636363636|0.26704545454545|0.11931818181818|0.096590909090909,68.244069728685|35.34826924999|50.029643891255|79.47385362697|41.042794500555|53.691842741176,51.674841534449|23.592369767377|61.047080717369|67.532285353135|43.326338514808|63.743953429062,84.653896374177|50.601144629541|80.535087519717|93.335629367607|66.586792934116|83.210492938098,61.279458662707,53.497192139805,80.02774262211116,18.748283959404162,0.3059472842702159,0.8843069454604245,63.619787478937006
HN137,133,Doxorubicin,1012,Vorinostat,E1|E2|E3|F1|F2|F3,0.34090909090909|0.085227272727273|0.073863636363636|0.26704545454545|0.11931818181818|0.096590909090909,68.244069728685|35.34826924999|50.029643891255|79.47385362697|41.042794500555|53.691842741176,55.216153465926|32.01705858264|36.598644764046|41.621216260695|31.460138148611|28.345656011303,85.778472921827|56.047851758911|68.318117010823|88.017085398876|59.590812799241|66.818193702935,61.279458662707,41.86218003519,76.13455141088062,14.855092748173618,0.24241553486852227,0.0,102.57160650541002
HN137,201,Epothilone B,1010,Gefitinib,E1|E2|E3|F1|F2|F3,0.34090909090909|0.085227272727273|0.073863636363636|0.26704545454545|0.11931818181818|0.096590909090909,62.407833255845|16.012617329511|38.762445131624|62.29385706393|11.275096244404|33.477880498562,22.785538571641|17.573094960434|25.580247486148|12.150634983398|11.020853550519|9.463396271309,70.97341090925|30.771799840979|54.42716322142|66.87539285841|21.053337950147|39.773132275057,46.71751882737,16.628792394419,55.05080445467281,8.333285627302807,0.1783760318713813,0.4425054140803651,128.776918962273
HN137,201,Epothilone B,182,Obatoclax Mesylate,E1|E2|E3|F1|F2|F3,0.34090909090909|0.085227272727273|0.073863636363636|0.26704545454545|0.11931818181818|0.096590909090909,62.407833255845|16.012617329511|38.762445131624|62.29385706393|11.275096244404|33.477880498562,60.040687445786|23.755508004667|40.918326704179|65.390545268936|26.741473497364|38.121337706613,84.978428594802|35.964246742709|63.819827898317|86.950109529711|35.001442867768|58.837002323302,46.71751882737,49.85057628448,69.82807765410476,19.97750136962476,0.4007476514538181,0.9397046109933296,35.472440723787
HN137,201,Epothilone B,301,PHA-793887,E1|E2|E3|F1|F2|F3,0.34090909090909|0.085227272727273|0.073863636363636|0.26704545454545|0.11931818181818|0.096590909090909,62.407833255845|16.012617329511|38.762445131624|62.29385706393|11.275096244404|33.477880498562,51.629124556796|28.432861679093|49.420576001188|55.11808320884|37.593625544616|42.465042940239,81.816339847783|39.892633672102|69.026397476619|83.076760302277|44.630004327104|61.726527109605,46.71751882737,46.980850362762,69.86307868797701,22.88222832521501,0.4870543668011582,0.9671289238731391,76.33854951517401
HN137,201,Epothilone B,302,PI-103,E1|E2|E3|F1|F2|F3,0.34090909090909|0.085227272727273|0.073863636363636|0.26704545454545|0.11931818181818|0.096590909090909,62.407833255845|16.012617329511|38.762445131624|62.29385706393|11.275096244404|33.477880498562,51.674841534449|23.592369767377|61.047080717369|67.532285353135|43.326338514808|63.743953429062,81.833525850253|35.827231207075|76.146184681465|87.757677107178|49.716348392491|75.881709373584,46.71751882737,53.497192139805,73.27252056597058,19.77532842616558,0.3696517075977824,0.9397046109933296,108.153123235116
HN137,201,Epothilone B,1012,Vorinostat,E1|E2|E3|F1|F2|F3,0.34090909090909|0.085227272727273|0.073863636363636|0.26704545454545|0.11931818181818|0.096590909090909,62.407833255845|16.012617329511|38.762445131624|62.29385706393|11.275096244404|33.477880498562,55.216153465926|32.01705858264|36.598644764046|41.621216260695|31.460138148611|28.345656011303,83.164781736464|42.902906841147|61.174560300089|77.987612358918|39.188073538137|52.334011663868,46.71751882737,41.86218003519,67.08378019410186,20.366261366731862,0.43594484206211853,0.7496248557201017,71.34982860532699
HN137,1010,Gefitinib,182,Obatoclax Mesylate,E1|E2|E3|F1|F2|F3,0.34090909090909|0.085227272727273|0.073863636363636|0.26704545454545|0.11931818181818|0.096590909090909,22.785538571641|17.573094960434|25.580247486148|12.150634983398|11.020853550519|9.463396271309,60.040687445786|23.755508004667|40.918326704179|65.390545268936|26.741473497364|38.121337706613,69.145632020789|37.154024985107|56.031564952207|69.595813783052|34.815188416488|43.977160726821,16.628792394419,49.85057628448,57.864730552887565,8.014154268407566,0.16076352302676622,0.0,156.394112804096
HN137,1010,Gefitinib,301,PHA-793887,E1|E2|E3|F1|F2|F3,0.34090909090909|0.085227272727273|0.073863636363636|0.26704545454545|0.11931818181818|0.096590909090909,22.785538571641|17.573094960434|25.580247486148|12.150634983398|11.020853550519|9.463396271309,51.629124556796|28.432861679093|49.420576001188|55.11808320884|37.593625544616|42.465042940239,62.650689038348|41.009422856691|62.358917837152|60.571521091686|44.471340679532|47.909803921332,16.628792394419,46.980850362762,55.5686075527057,8.587757189943702,0.1827927149813903,0.0,166.085548107323
HN137,1010,Gefitinib,302,PI-103,E1|E2|E3|F1|F2|F3,0.34090909090909|0.085227272727273|0.073863636363636|0.26704545454545|0.11931818181818|0.096590909090909,22.785538571641|17.573094960434|25.580247486148|12.150634983398|11.020853550519|9.463396271309,51.674841534449|23.592369767377|61.047080717369|67.532285353135|43.326338514808|63.743953429062,62.685989156424|37.019555185173|71.011333872945|71.477318847327|49.572259748808|67.17500678838,16.628792394419,53.497192139805,61.261514621948955,7.764322482143953,0.14513514021172055,0.0,212.34310349275103
HN137,1010,Gefitinib,1012,Vorinostat,E1|E2|E3|F1|F2|F3,0.34090909090909|0.085227272727273|0.073863636363636|0.26704545454545|0.11931818181818|0.096590909090909,22.785538571641|17.573094960434|25.580247486148|12.150634983398|11.020853550519|9.463396271309,55.216153465926|32.01705858264|36.598644764046|41.621216260695|31.460138148611|28.345656011303,65.420394091812|43.963765434809|52.816868342975|48.714609180605|39.013815946981|35.12659052856,16.628792394419,41.86218003519,51.007546709375134,9.145366674185134,0.21846369841459273,0.0,126.685101409772
HN137,182,Obatoclax Mesylate,301,PHA-793887,E1|E2|E3|F1|F2|F3,0.34090909090909|0.085227272727273|0.073863636363636|0.26704545454545|0.11931818181818|0.096590909090909,60.040687445786|23.755508004667|40.918326704179|65.390545268936|26.741473497364|38.121337706613,51.629124556796|28.432861679093|49.420576001188|55.11808320884|37.593625544616|42.465042940239,80.671330696441|45.433998951627|70.116829958114|84.46661332573|54.282009630268|64.398138220345,49.85057628448,46.980850362762,71.80642041935806,21.955844134878063,0.44043310571945354,0.9671289238731391,47.059485201399006
HN137,182,Obatoclax Mesylate,302,PI-103,E1|E2|E3|F1|F2|F3,0.34090909090909|0.085227272727273|0.073863636363636|0.26704545454545|0.11931818181818|0.096590909090909,60.040687445786|23.755508004667|40.918326704179|65.390545268936|26.741473497364|38.121337706613,51.674841534449|23.592369767377|61.047080717369|67.532285353135|43.326338514808|63.743953429062,80.689598886431|41.743390483464|76.985963490251|88.763100997082|58.481710680856|77.565243381436,49.85057628448,53.497192139805,74.92576775259238,21.428575612787377,0.4005551460866911,0.9947653608737028,73.006958985909
HN137,182,Obatoclax Mesylate,1012,Vorinostat,E1|E2|E3|F1|F2|F3,0.34090909090909|0.085227272727273|0.073863636363636|0.26704545454545|0.11931818181818|0.096590909090909,60.040687445786|23.755508004667|40.918326704179|65.390545268936|26.741473497364|38.121337706613,55.216153465926|32.01705858264|36.598644764046|41.621216260695|31.460138148611|28.345656011303,82.10468278965|48.166751672849|62.541418434371|79.795421269199|49.78870714073|55.661250464692,49.85057628448,41.86218003519,69.34096357742006,19.490387292940056,0.3909761680931261,0.7496248557201017,55.669441852763995
HN137,301,PHA-793887,302,PI-103,E1|E2|E3|F1|F2|F3,0.34090909090909|0.085227272727273|0.073863636363636|0.26704545454545|0.11931818181818|0.096590909090909,51.629124556796|28.432861679093|49.420576001188|55.11808320884|37.593625544616|42.465042940239,51.674841534449|23.592369767377|61.047080717369|67.532285353135|43.326338514808|63.743953429062,76.624697790897|45.317245583692|80.297837796123|85.427867328203|64.632022595974|79.140099173844,46.980850362762,53.497192139805,74.0845248150855,20.5873326752805,0.38483015372992513,0.4425054140803651,55.93853920885999
HN137,301,PHA-793887,1012,Vorinostat,E1|E2|E3|F1|F2|F3,0.34090909090909|0.085227272727273|0.073863636363636|0.26704545454545|0.11931818181818|0.096590909090909,51.629124556796|28.432861679093|49.420576001188|55.11808320884|37.593625544616|42.465042940239,55.216153465926|32.01705858264|36.598644764046|41.621216260695|31.460138148611|28.345656011303,78.337661374327|51.346554281217|67.931959714214|73.798482858434|57.226757161819|58.77370395465,46.980850362762,41.86218003519,68.31259678941039,21.331746426648394,0.45405194375869323,0.9947653608737028,53.742898322905
HN137,302,PI-103,1012,Vorinostat,E1|E2|E3|F1|F2|F3,0.34090909090909|0.085227272727273|0.073863636363636|0.26704545454545|0.11931818181818|0.096590909090909,51.674841534449|23.592369767377|61.047080717369|67.532285353135|43.326338514808|63.743953429062,55.216153465926|32.01705858264|36.598644764046|41.621216260695|31.460138148611|28.345656011303,78.35813519544|48.055845500563|75.303321270845|81.045743081212|61.155950711926|74.020967673358,53.497192139805,41.86218003519,72.46051313051242,18.963320990707423,0.35447320190469617,0.9947653608737028,109.590003576459
HN148,1007,Docetaxel,133,Doxorubicin,C1|C2|H1,0.31351351351351|0.20540540540541|0.45945945945946,8.5251501618718|8.713636383848|5.6229297182764,49.659553735325|42.013415558165|44.673842820681,53.951152371545|47.066155677839|47.784793754697,7.0460860433961,44.724543500632,48.53723363490152,3.8126901342695163,0.08524827389720901,0.0,113.48509585017479
HN148,1007,Docetaxel,201,Epothilone B,C1|C2|H1,0.31351351351351|0.20540540540541|0.45945945945946,8.5251501618718|8.713636383848|5.6229297182764,12.287320856345|22.2747098326|22.405104198282,19.764958464342|29.047408996078|26.768210654182,7.0460860433961,18.721824000869,24.461983991288335,5.740159990419336,0.3066026040065807,0.0,34.105418623230804
HN148,1007,Docetaxel,1010,Gefitinib,C1|C2|H1,0.31351351351351|0.20540540540541|0.45945945945946,8.5251501618718|8.713636383848|5.6229297182764,22.397943597246|26.360026344365|24.519696059614,29.013635434281|32.776745881878|28.763900501323,7.0460860433961,23.702356188072,29.044533736822636,5.342177548750637,0.22538592814831807,0.0,50.4159497372288
HN148,1007,Docetaxel,182,Obatoclax Mesylate,C1|C2|H1,0.31351351351351|0.20540540540541|0.45945945945946,8.5251501618718|8.713636383848|5.6229297182764,25.731567198534|27.12573449026|29.588323211194,32.063062617728|33.475733004179|33.547522310489,7.0460860433961,27.23360151944,32.34202639123534,5.108424871795343,0.18757801343861283,0.0,59.583908635991804
HN148,1007,Docetaxel,301,PHA-793887,C1|C2|H1,0.31351351351351|0.20540540540541|0.45945945945946,8.5251501618718|8.713636383848|5.6229297182764,61.09101463709|57.131006847264|50.523820893818,64.408064065739|60.86645503201|53.305831672247,7.0460860433961,54.101523703361,57.186965941460855,3.0854422380998514,0.05703059778902625,0.0,145.88412611417579
HN148,1007,Docetaxel,302,PI-103,C1|C2|H1,0.31351351351351|0.20540540540541|0.45945945945946,8.5251501618718|8.713636383848|5.6229297182764,72.859770363413|61.355948301062|62.508486128964,75.173515694209|64.723250450094|64.61660760425,7.0460860433961,64.165481283677,66.55113012826462,2.385648844587621,0.037179629870469064,0.0,173.86248852944283
HN148,1007,Docetaxel,1012,Vorinostat,C1|C2|H1,0.31351351351351|0.20540540540541|0.45945945945946,8.5251501618718|8.713636383848|5.6229297182764,45.105443157897|39.9119241788|39.590219241212,49.78528655938|45.14778061591|42.987018756244,7.0460860433961,40.529391661922,44.632750692591124,4.103359030669125,0.10124403210631695,0.0,101.7458703139128
HN148,133,Doxorubicin,201,Epothilone B,C1|C2|H1,0.31351351351351|0.20540540540541|0.45945945945946,49.659553735325|42.013415558165|44.673842820681,12.287320856345|22.2747098326|22.405104198282,55.845045888382|54.929758984419|57.069725985613,44.724543500632,18.721824000869,55.01227141465492,10.287727914022916,0.23002421285479505,0.0,79.379677226944
HN148,133,Doxorubicin,1010,Gefitinib,C1|C2|H1,0.31351351351351|0.20540540540541|0.45945945945946,49.659553735325|42.013415558165|44.673842820681,22.397943597246|26.360026344365|24.519696059614,60.934778496289|57.29869449323|58.239648402514,44.724543500632,23.702356188072,57.632095447249895,12.907551946617893,0.2886010887162101,0.0,63.069146112946
HN148,133,Doxorubicin,182,Obatoclax Mesylate,C1|C2|H1,0.31351351351351|0.20540540540541|0.45945945945946,49.659553735325|42.013415558165|44.673842820681,25.731567198534|27.12573449026|29.588323211194,62.612939493962|57.742702493828|61.043925027231,44.724543500632,27.23360151944,59.53787466340481,14.813331162772805,0.33121257375301055,0.0,53.901187214183
HN148,133,Doxorubicin,301,PHA-793887,C1|C2|H1,0.31351351351351|0.20540540540541|0.45945945945946,49.659553735325|42.013415558165|44.673842820681,61.09101463709|57.131006847264|50.523820893818,80.413043131254|75.141735086124|72.626731381392,44.724543500632,54.101523703361,74.01413298542607,19.91260928206507,0.36806004561435335,0.0,32.39903026400099
HN148,133,Doxorubicin,302,PI-103,C1|C2|H1,0.31351351351351|0.20540540540541|0.45945945945946,49.659553735325|42.013415558165|44.673842820681,72.859770363413|61.355948301062|62.508486128964,86.337487283685|77.591634329849|79.257386106804,44.724543500632,64.165481283677,79.42126587062896,15.255784586951961,0.23775687927136094,0.0,60.377392679268006
HN148,133,Doxorubicin,1012,Vorinostat,C1|C2|H1,0.31351351351351|0.20540540540541|0.45945945945946,49.659553735325|42.013415558165|44.673842820681,45.105443157897|39.9119241788|39.590219241212,72.36583511067|65.156977174466|66.577589745711,44.724543500632,40.529391661922,66.66096593207564,21.93642243144364,0.4904783976416362,0.0,11.739225536262005
HN148,201,Epothilone B,1010,Gefitinib,C1|C2|H1,0.31351351351351|0.20540540540541|0.45945945945946,12.287320856345|22.2747098326|22.405104198282,22.397943597246|26.360026344365|24.519696059614,31.933157258574|42.763116796961|41.431136806637,18.721824000869,23.702356188072,37.83117939376224,14.128823205690242,0.5960936159081285,0.0,16.310531113998003
HN148,201,Epothilone B,182,Obatoclax Mesylate,C1|C2|H1,0.31351351351351|0.20540540540541|0.45945945945946,12.287320856345|22.2747098326|22.405104198282,25.731567198534|27.12573449026|29.588323211194,34.857167831829|43.358265675193|45.364132763484,18.721824000869,27.23360151944,40.67719521513267,13.44359369569267,0.4936399501217754,0.0,25.478490012761004
HN148,201,Epothilone B,301,PHA-793887,C1|C2|H1,0.31351351351351|0.20540540540541|0.45945945945946,12.287320856345|22.2747098326|22.405104198282,61.09101463709|57.131006847264|50.523820893818,65.871886510579|66.679950680193|61.609010375887,18.721824000869,54.101523703361,62.654991488709804,8.5534677853488,0.15810031215104992,0.0,111.77870749094498
HN148,201,Epothilone B,302,PI-103,C1|C2|H1,0.31351351351351|0.20540540540541|0.45945945945946,12.287320856345|22.2747098326|22.405104198282,72.859770363413|61.355948301062|62.508486128964,76.194577460009|69.96379868456|70.908498877283,18.721824000869,64.165481283677,70.83855268790758,6.673071404230583,0.10399783919220973,0.0,139.757069906212
HN148,201,Epothilone B,1012,Vorinostat,C1|C2|H1,0.31351351351351|0.20540540540541|0.45945945945946,12.287320856345|22.2747098326|22.405104198282,45.105443157897|39.9119241788|39.590219241212,51.850513489755|53.296368711965|53.125093566172,18.721824000869,40.529391661922,51.612025657216776,11.082633995294778,0.2734468379822016,0.0,67.640451690682
HN148,1010,Gefitinib,182,Obatoclax Mesylate,C1|C2|H1,0.31351351351351|0.20540540540541|0.45945945945946,22.397943597246|26.360026344365|24.519696059614,25.731567198534|27.12573449026|29.588323211194,42.366168887965|46.33541007689|46.853052350287,23.702356188072,27.23360151944,44.32698826053078,17.093386741090782,0.6276579588230045,0.0,9.167958898763004
HN148,1010,Gefitinib,301,PHA-793887,C1|C2|H1,0.31351351351351|0.20540540540541|0.45945945945946,22.397943597246|26.360026344365|24.519696059614,61.09101463709|57.131006847264|50.523820893818,69.805827232935|68.431284735889|62.655229632564,23.702356188072,54.101523703361,64.72876388238922,10.627240179028213,0.19643143947844127,0.0,95.46817637694699
HN148,1010,Gefitinib,302,PI-103,C1|C2|H1,0.31351351351351|0.20540540540541|0.45945945945946,22.397943597246|26.360026344365|24.519696059614,72.859770363413|61.355948301062|62.508486128964,78.938623689579|71.542530509432|71.70129137829,23.702356188072,64.165481283677,72.38738432707385,8.22190304339685,0.12813592104215094,0.0,123.44653879221401
HN148,1010,Gefitinib,1012,Vorinostat,C1|C2|H1,0.31351351351351|0.20540540540541|0.45945945945946,22.397943597246|26.360026344365|24.519696059614,45.105443157897|39.9119241788|39.590219241212,57.400695037349|55.75115679509|54.402513873546,23.702356188072,40.529391661922,54.44323216016822,13.913840498246223,0.34330247575165296,0.0,51.329920576683996
HN148,182,Obatoclax Mesylate,301,PHA-793887,C1|C2|H1,0.31351351351351|0.20540540540541|0.45945945945946,25.731567198534|27.12573449026|29.588323211194,61.09101463709|57.131006847264|50.523820893818,71.102906352015|68.759536108523|65.162992680304,27.23360151944,54.101523703361,66.35505577495474,12.253532071593732,0.2264914411427657,0.0,86.30021747818398
HN148,182,Obatoclax Mesylate,302,PI-103,C1|C2|H1,0.31351351351351|0.20540540540541|0.45945945945946,25.731567198534|27.12573449026|29.588323211194,72.859770363413|61.355948301062|62.508486128964,79.843376790188|71.838431161195|73.601596429896,27.23360151944,64.165481283677,73.60492937566188,9.439448091984886,0.14711099960822985,0.0,114.278579893451
HN148,182,Obatoclax Mesylate,1012,Vorinostat,C1|C2|H1,0.31351351351351|0.20540540540541|0.45945945945946,25.731567198534|27.12573449026|29.588323211194,45.105443157897|39.9119241788|39.590219241212,59.23067294006|56.211256086365|57.464460423296,27.23360151944,40.529391661922,56.518302150191985,15.988910488269987,0.3945016155594514,0.0,42.16196167792099
HN148,301,PHA-793887,302,PI-103,C1|C2|H1,0.31351351351351|0.20540540540541|0.45945945945946,61.09101463709|57.131006847264|50.523820893818,72.859770363413|61.355948301062|62.508486128964,89.44001202324|83.433684123243|81.450631447547,54.101523703361,64.165481283677,82.60164522741985,18.436163943742855,0.28732214852774457,0.0,27.978362415267014
HN148,301,PHA-793887,1012,Vorinostat,C1|C2|H1,0.31351351351351|0.20540540540541|0.45945945945946,61.09101463709|57.131006847264|50.523820893818,45.105443157897|39.9119241788|39.590219241212,78.641084913272|74.240846890599|70.11154867413,54.101523703361,40.529391661922,72.11792834656005,18.016404643199046,0.3330110394299263,0.0,44.138255800262996
HN148,302,PI-103,1012,Vorinostat,C1|C2|H1,0.31351351351351|0.20540540540541|0.45945945945946,72.859770363413|61.355948301062|62.508486128964,45.105443157897|39.9119241788|39.590219241212,85.101491215066|76.779532914758|77.351458667357,64.165481283677,40.529391661922,77.99125798897296,13.825776705295965,0.21547063044960116,0.0,72.11661821553001
HN159,1007,Docetaxel,133,Doxorubicin,I1|I2|K1,0.31736526946108|0.18562874251497|0.48502994011976,9.8488162520195|6.8643188643582|7.5176665757013,28.983081352912|50.03661556134|76.983586526061,35.97740717831|53.466261584635|78.713883748717,8.0461804717602,55.825801812676,59.52144474982123,3.69564293714523,0.06619954961947515,0.0,131.77248174823401
HN159,1007,Docetaxel,201,Epothilone B,I1|I2|K1,0.31736526946108|0.18562874251497|0.48502994011976,9.8488162520195|6.8643188643582|7.5176665757013,4.5783295305561|26.712006978304|62.386661664547,13.976234519699|31.742728508602|65.214307028597,8.0461804717602,36.670917822007,41.958825644473364,5.287907822466366,0.14419894937270916,0.9120219933887278,79.9871699242549
HN159,1007,Docetaxel,1010,Gefitinib,I1|I2|K1,0.31736526946108|0.18562874251497|0.48502994011976,9.8488162520195|6.8643188643582|7.5176665757013,17.277397531198|11.231238406469|8.9765429170035,25.424594647239|17.324609254191|15.81938292618,8.0461804717602,11.92197865887,18.957703114994874,7.035724456124875,0.5901473788405306,0.0,13.254377162591501
HN159,1007,Docetaxel,182,Obatoclax Mesylate,I1|I2|K1,0.31736526946108|0.18562874251497|0.48502994011976,9.8488162520195|6.8643188643582|7.5176665757013,20.299464069099|41.799754099697|63.900957589288,28.149023404808|45.794804558134|66.614763234746,8.0461804717602,45.195458308295,49.74450900461951,4.549050696324507,0.10065282810705764,0.0,101.769374066005
HN159,1007,Docetaxel,301,PHA-793887,I1|I2|K1,0.31736526946108|0.18562874251497|0.48502994011976,9.8488162520195|6.8643188643582|7.5176665757013,72.339488162347|77.986952082387|77.254678097018,75.063721147606|79.497997883216|78.964595559254,8.0461804717602,74.905492892317,76.87992452396642,1.9744316316494235,0.026358969888734814,0.0,203.350316649673
HN159,1007,Docetaxel,302,PI-103,I1|I2|K1,0.31736526946108|0.18562874251497|0.48502994011976,9.8488162520195|6.8643188643582|7.5176665757013,83.629237876796|91.714939092078|86.843750756455,85.241564157366|92.283652090904|87.832793708453,8.0461804717602,85.687763656272,86.78474494337192,1.096981287099922,0.01280207628594853,0.0,237.95712603325
HN159,1007,Docetaxel,1012,Vorinostat,I1|I2|K1,0.31736526946108|0.18562874251497|0.48502994011976,9.8488162520195|6.8643188643582|7.5176665757013,31.76964520609|28.320074354813|28.979206612439,38.489527477843|33.240413012833|34.318313058734,8.0461804717602,29.395384649877,35.03102465557458,5.635640005697585,0.19171853244387352,0.0,64.83812448126301
HN159,133,Doxorubicin,201,Epothilone B,I1|I2|K1,0.31736526946108|0.18562874251497|0.48502994011976,28.983081352912|50.03661556134|76.983586526061,4.5783295305561|26.712006978304|62.386661664547,32.234469911023|63.382838299192|91.342758527361,55.825801812676,36.670917822007,66.29975049865479,10.47394868597879,0.1876184191876764,0.0,62.326285266905906
HN159,133,Doxorubicin,1010,Gefitinib,I1|I2|K1,0.31736526946108|0.18562874251497|0.48502994011976,28.983081352912|50.03661556134|76.983586526061,17.277397531198|11.231238406469|8.9765429170035,41.252956701977|55.648122383587|79.049664759504,55.825801812676,11.92197865887,61.76360086596286,5.937799053286859,0.10636298737295705,0.0,118.5181045856425
HN159,133,Doxorubicin,182,Obatoclax Mesylate,I1|I2|K1,0.31736526946108|0.18562874251497|0.48502994011976,28.983081352912|50.03661556134|76.983586526061,20.299464069099|41.799754099697|63.900957589288,43.399135236659|70.921187396586|91.691295138618,55.825801812676,45.195458308295,71.41141247344402,15.585610660768019,0.2791829253624638,0.0,30.003107682229007
HN159,133,Doxorubicin,301,PHA-793887,I1|I2|K1,0.31736526946108|0.18562874251497|0.48502994011976,28.983081352912|50.03661556134|76.983586526061,72.339488162347|77.986952082387|77.254678097018,80.356356810886|89.001536242257|94.764842664831,55.825801812676,74.905492892317,87.98734604992967,13.08185315761267,0.1746447777390497,0.0,71.577834901439
HN159,133,Doxorubicin,302,PI-103,I1|I2|K1,0.31736526946108|0.18562874251497|0.48502994011976,28.983081352912|50.03661556134|76.983586526061,83.629237876796|91.714939092078|86.843750756455,88.373989181056|95.860503167598|96.971903276444,55.825801812676,85.687763656272,92.87557598912251,7.187812332850513,0.08388376620124796,0.0,106.18464428501599
HN159,133,Doxorubicin,1012,Vorinostat,I1|I2|K1,0.31736526946108|0.18562874251497|0.48502994011976,28.983081352912|50.03661556134|76.983586526061,31.76964520609|28.320074354813|28.979206612439,51.544904443389|64.18628318455|83.653560541447,55.825801812676,29.395384649877,68.84786298250238,13.02206116982638,0.23326241177013504,0.9120219933887278,72.50748497332701
HN159,201,Epothilone B,1010,Gefitinib,I1|I2|K1,0.31736526946108|0.18562874251497|0.48502994011976,4.5783295305561|26.712006978304|62.386661664547,17.277397531198|11.231238406469|8.9765429170035,21.064710868472|34.943156197887|65.763039122747,36.670917822007,11.92197865887,45.068704713209456,8.397786891202458,0.22900400071695962,0.9120219933887278,81.58995532002041
HN159,201,Epothilone B,182,Obatoclax Mesylate,I1|I2|K1,0.31736526946108|0.18562874251497|0.48502994011976,4.5783295305561|26.712006978304|62.386661664547,20.299464069099|41.799754099697|63.900957589288,23.948417241635|57.346207845976|86.4219450422,36.670917822007,45.195458308295,60.16273117036004,14.967272862065037,0.33116763104752056,0.0,32.3231775846769
HN159,201,Epothilone B,301,PHA-793887,I1|I2|K1,0.31736526946108|0.18562874251497|0.48502994011976,4.5783295305561|26.712006978304|62.386661664547,72.339488162347|77.986952082387|77.254678097018,73.605877544113|83.867078978277|91.444725117143,36.670917822007,74.905492892317,83.28151911768404,8.376026225367042,0.11182125505012416,0.0,133.9041201683449
HN159,201,Epothilone B,302,PI-103,I1|I2|K1,0.31736526946108|0.18562874251497|0.48502994011976,4.5783295305561|26.712006978304|62.386661664547,83.629237876796|91.714939092078|86.843750756455,84.37874531346|93.928045139959|95.05149545977,36.670917822007,85.687763656272,90.31744930055976,4.629685644287761,0.0540297172751443,0.0,168.51092955192186
HN159,201,Epothilone B,1012,Vorinostat,I1|I2|K1,0.31736526946108|0.18562874251497|0.48502994011976,4.5783295305561|26.712006978304|62.386661664547,31.76964520609|28.320074354813|28.979206612439,34.893455688423|47.467221095198|73.286708694614,36.670917822007,29.395384649877,55.43149945928904,18.760581637282044,0.5115929120820483,1.0049622425817246,62.2068381041509
HN159,1010,Gefitinib,182,Obatoclax Mesylate,I1|I2|K1,0.31736526946108|0.18562874251497|0.48502994011976,17.277397531198|11.231238406469|8.9765429170035,20.299464069099|41.799754099697|63.900957589288,34.069642496376|48.336362469911|67.141403623913,11.92197865887,45.195458308295,52.35073043360555,7.155272125310546,0.15831838846509264,0.0,88.51499690341349
HN159,1010,Gefitinib,301,PHA-793887,I1|I2|K1,0.31736526946108|0.18562874251497|0.48502994011976,17.277397531198|11.231238406469|8.9765429170035,72.339488162347|77.986952082387|77.254678097018,77.118504751702|80.459289974544|79.29642167925,11.92197865887,74.905492892317,77.87143052137938,2.965937629062381,0.03959572942569336,0.0,190.0959394870815
HN159,1010,Gefitinib,302,PI-103,I1|I2|K1,0.31736526946108|0.18562874251497|0.48502994011976,17.277397531198|11.231238406469|8.9765429170035,83.629237876796|91.714939092078|86.843750756455,86.457679527709|92.645454034768|88.02472711607,11.92197865887,85.687763656272,87.33095201465892,1.6431883583869222,0.019176464506395687,0.0,224.70274887065847
HN159,1010,Gefitinib,1012,Vorinostat,I1|I2|K1,0.31736526946108|0.18562874251497|0.48502994011976,17.277397531198|11.231238406469|8.9765429170035,31.76964520609|28.320074354813|28.979206612439,43.558074840781|36.370617693604|35.35441861087,11.92197865887,29.395384649877,37.72320372780571,8.327819077928712,0.2833036266447889,0.0,51.5837473186715
HN159,182,Obatoclax Mesylate,301,PHA-793887,I1|I2|K1,0.31736526946108|0.18562874251497|0.48502994011976,20.299464069099|41.799754099697|63.900957589288,72.339488162347|77.986952082387|77.254678097018,77.95442382416|87.188351981798|91.78915659979,45.195458308295,74.905492892317,85.44517999221074,10.53968709989374,0.1407064648122059,0.0,101.580942583668
HN159,182,Obatoclax Mesylate,302,PI-103,I1|I2|K1,0.31736526946108|0.18562874251497|0.48502994011976,20.299464069099|41.799754099697|63.900957589288,83.629237876796|91.714939092078|86.843750756455,86.952414851833|95.1780741786|95.250720005914,45.195458308295,85.687763656272,91.46291381534607,5.775150159074073,0.0673976062934787,0.0,136.187751967245
HN159,182,Obatoclax Mesylate,1012,Vorinostat,I1|I2|K1,0.31736526946108|0.18562874251497|0.48502994011976,20.299464069099|41.799754099697|63.900957589288,31.76964520609|28.320074354813|28.979206612439,45.620041561699|58.282107013347|74.3621736746,45.195458308295,29.395384649877,61.36493166363113,16.16947335533613,0.3577676598617089,0.9120219933887278,59.871611858723995
HN159,301,PHA-793887,302,PI-103,I1|I2|K1,0.31736526946108|0.18562874251497|0.48502994011976,72.339488162347|77.986952082387|77.254678097018,83.629237876796|91.714939092078|86.843750756455,95.471763404997|98.176205572336|97.007568759197,74.905492892317,85.687763656272,95.57532277067213,9.887559114400133,0.11539056094477036,0.0,34.60680938357699
HN159,301,PHA-793887,1012,Vorinostat,I1|I2|K1,0.31736526946108|0.18562874251497|0.48502994011976,72.339488162347|77.986952082387|77.254678097018,31.76964520609|28.320074354813|28.979206612439,81.127134635358|84.221063620416|83.846091925947,74.905492892317,29.395384649877,82.04865002340492,7.143157131087918,0.09536226056688275,0.0,138.51219216841
HN159,302,PI-103,1012,Vorinostat,I1|I2|K1,0.31736526946108|0.18562874251497|0.48502994011976,83.629237876796|91.714939092078|86.843750756455,31.76964520609|28.320074354813|28.979206612439,88.830170920871|94.061274501543|90.656327407189,85.687763656272,29.395384649877,89.62312028943923,3.935356633167231,0.045926704878814735,0.0,173.11900155198697
HN160,1007,Docetaxel,133,Doxorubicin,B1|B2|L,0.42222222222222|0.41481481481481|0.16296296296296,7.8138993830314|12.826479425884|6.3155137520376,21.126704027831|18.684548520554|47.671758024425,27.289784015177|29.11445817463|50.976555342592,9.6490104831637,24.439522394628,31.906752327269082,7.467229932641082,0.3055391104648771,0.0,60.527118011857
HN160,1007,Docetaxel,201,Epothilone B,B1|B2|L,0.42222222222222|0.41481481481481|0.16296296296296,7.8138993830314|12.826479425884|6.3155137520376,5.0622043413293|4.2426253055942|24.796381150615,12.480548170566|16.524925269539|29.545876041078,9.6490104831637,7.9381707398709,16.939232101630438,7.290221618466738,0.7555408537680885,0.6413510165846377,29.8164165605693
HN160,1007,Docetaxel,1010,Gefitinib,B1|B2|L,0.42222222222222|0.41481481481481|0.16296296296296,7.8138993830314|12.826479425884|6.3155137520376,14.912799872087|17.187718708948|11.757532700462,21.561428077921|27.80961893085|17.330497857902,9.6490104831637,15.34227822089,23.463785284762082,8.121507063872082,0.5293546986270828,0.0,16.902158720544
HN160,1007,Docetaxel,182,Obatoclax Mesylate,B1|B2|L,0.42222222222222|0.41481481481481|0.16296296296296,7.8138993830314|12.826479425884|6.3155137520376,14.442218214837|12.425756027659|38.532576951718,21.127617197883|23.658448413145|42.414560507355,9.6490104831637,17.531596064684,25.646426833905405,8.114830769221406,0.4628689104677745,0.9789596360047835,39.246105429710994
HN160,1007,Docetaxel,301,PHA-793887,B1|B2|L,0.42222222222222|0.41481481481481|0.16296296296296,7.8138993830314|12.826479425884|6.3155137520376,66.951225189554|72.265482524343|55.393967973222,69.533623200567|75.822844702226|58.211068060111,9.6490104831637,67.272252982064,70.29732831910626,3.025075337042253,0.04496765312511226,0.0,167.654783126166
HN160,1007,Docetaxel,302,PI-103,B1|B2|L,0.42222222222222|0.41481481481481|0.16296296296296,7.8138993830314|12.826479425884|6.3155137520376,82.679600360116|86.600099622362|79.296030945375,84.032998960715|88.318835087389|80.603592958237,9.6490104831637,83.754485038349,85.25196111656042,1.4974760782114203,0.017879353894012538,0.0,221.61983836689998
HN160,1007,Docetaxel,1012,Vorinostat,B1|B2|L,0.42222222222222|0.41481481481481|0.16296296296296,7.8138993830314|12.826479425884|6.3155137520376,29.541600387792|34.82325891846|37.417736452227,35.047148840384|43.183140203745|41.370127912923,9.6490104831637,33.016029062866,39.4524899955251,6.436460932659102,0.19494957798841897,0.0,74.826703197526
HN160,133,Doxorubicin,201,Epothilone B,B1|B2|L,0.42222222222222|0.41481481481481|0.16296296296296,21.126704027831|18.684548520554|47.671758024425,5.0622043413293|4.2426253055942|24.796381150615,25.119431440684|22.134458442379|60.647268354105,24.439522394628,7.9381707398709,29.670941990240426,5.231419595612426,0.21405572134921644,0.0,53.3817997752715
HN160,133,Doxorubicin,1010,Gefitinib,B1|B2|L,0.42222222222222|0.41481481481481|0.16296296296296,21.126704027831|18.684548520554|47.671758024425,14.912799872087|17.187718708948|11.757532700462,32.888920808679|32.660819587752|53.82426818628,24.439522394628,15.34227822089,36.20598728227381,11.76646488764581,0.4814523253626336,0.0,43.624959291313004
HN160,133,Doxorubicin,182,Obatoclax Mesylate,B1|B2|L,0.42222222222222|0.41481481481481|0.16296296296296,21.126704027831|18.684548520554|47.671758024425,14.442218214837|12.425756027659|38.532576951718,32.517757545366|28.788608134179|67.835178131145,24.439522394628,17.531596064684,36.72628262581502,12.286760231187017,0.5027414215708137,0.0,22.082459378596003
HN160,133,Doxorubicin,301,PHA-793887,B1|B2|L,0.42222222222222|0.41481481481481|0.16296296296296,21.126704027831|18.684548520554|47.671758024425,66.951225189554|72.265482524343|55.393967973222,73.933342028581|77.447551899024|76.658447625325,24.439522394628,67.272252982064,75.8351796276408,8.562926645576795,0.12728764484608276,0.0,107.127665114309
HN160,133,Doxorubicin,302,PI-103,B1|B2|L,0.42222222222222|0.41481481481481|0.16296296296296,21.126704027831|18.684548520554|47.671758024425,82.679600360116|86.600099622362|79.296030945375,86.338829928472|89.103810510128|89.165976974548,24.439522394628,83.754485038349,87.94650509577755,4.19202005742855,0.05005129045339044,0.0,161.09272035504296
HN160,133,Doxorubicin,1012,Vorinostat,B1|B2|L,0.42222222222222|0.41481481481481|0.16296296296296,21.126704027831|18.684548520554|47.671758024425,29.541600387792|34.82325891846|37.417736452227,44.42713793661|47.001238729956|67.251801696929,24.439522394628,33.016029062866,49.21448791553087,16.19845885266487,0.4906240790441909,0.6413510165846377,34.807628330065
HN160,201,Epothilone B,1010,Gefitinib,B1|B2|L,0.42222222222222|0.41481481481481|0.16296296296296,5.0622043413293|4.2426253055942|24.796381150615,14.912799872087|17.187718708948|11.757532700462,19.220087810878|20.701133511142|33.638471228762,7.9381707398709,15.34227822089,22.184109991679424,6.841831770789424,0.44594627162174694,0.6413510165846377,35.83453738426451
HN160,201,Epothilone B,182,Obatoclax Mesylate,B1|B2|L,0.42222222222222|0.41481481481481|0.16296296296296,5.0622043413293|4.2426253055942|24.796381150615,14.442218214837|12.425756027659|38.532576951718,18.773327958711|16.141203063612|53.774273454231,7.9381707398709,17.531596064684,23.385341342235833,5.853745277551834,0.33389688285961233,0.0,31.299340396675497
HN160,201,Epothilone B,301,PHA-793887,B1|B2|L,0.42222222222222|0.41481481481481|0.16296296296296,5.0622043413293|4.2426253055942|24.796381150615,66.951225189554|72.265482524343|55.393967973222,68.624221702765|73.44215418115|66.454649690747,7.9381707398709,67.272252982064,70.26921158813559,2.996958606071587,0.04454969877210193,0.0,160.50946488958047
HN160,201,Epothilone B,302,PI-103,B1|B2|L,0.42222222222222|0.41481481481481|0.16296296296296,5.0622043413293|4.2426253055942|24.796381150615,82.679600360116|86.600099622362|79.296030945375,83.556394382622|87.168607186708|84.429866025465,7.9381707398709,83.754485038349,85.19713729500158,1.442652256652579,0.017224776153683303,0.0,214.4745201303145
HN160,201,Epothilone B,1012,Vorinostat,B1|B2|L,0.42222222222222|0.41481481481481|0.16296296296296,5.0622043413293|4.2426253055942|24.796381150615,29.541600387792|34.82325891846|37.417736452227,33.108348551792|37.588463828947|52.935873054215,7.9381707398709,33.016029062866,38.19791888196944,5.181889819103446,0.15695072866687215,0.0,67.68138496094049
HN160,1010,Gefitinib,182,Obatoclax Mesylate,B1|B2|L,0.42222222222222|0.41481481481481|0.16296296296296,14.912799872087|17.187718708948|11.757532700462,14.442218214837|12.425756027659|38.532576951718,27.201278987455|27.477770743113|45.759629316751,15.34227822089,17.531596064684,30.340295621242575,12.808699556558576,0.7306065864910428,0.6413510165846377,32.007588589795
HN160,1010,Gefitinib,301,PHA-793887,B1|B2|L,0.42222222222222|0.41481481481481|0.16296296296296,14.912799872087|17.187718708948|11.757532700462,66.951225189554|72.265482524343|55.393967973222,71.879722837213|77.032413373343|60.638536775149,15.34227822089,67.272252982064,72.18523821986295,4.912985237798949,0.07303137653363326,0.0,150.752624405622
HN160,1010,Gefitinib,302,PI-103,B1|B2|L,0.42222222222222|0.41481481481481|0.16296296296296,14.912799872087|17.187718708948|11.757532700462,82.679600360116|86.600099622362|79.296030945375,85.262556895458|88.90323680655|81.730306877266,15.34227822089,83.754485038349,86.19713892968593,2.4426538913369313,0.02916445477777702,0.0,204.71767964635598
HN160,1010,Gefitinib,1012,Vorinostat,B1|B2|L,0.42222222222222|0.41481481481481|0.16296296296296,14.912799872087|17.187718708948|11.757532700462,29.541600387792|34.82325891846|37.417736452227,40.048920515036|46.025653839214|44.775866553546,15.34227822089,33.016029062866,43.29847517430371,10.282446111437714,0.3114380015797434,0.0,57.92454447698199
HN160,182,Obatoclax Mesylate,301,PHA-793887,B1|B2|L,0.42222222222222|0.41481481481481|0.16296296296296,14.442218214837|12.425756027659|38.532576951718,66.951225189554|72.265482524343|55.393967973222,71.724201365009|75.711706001317|72.581821589048,17.531596064684,67.272252982064,73.51803769509768,6.245784713033672,0.09284340030501001,0.0,129.210124492905
HN160,182,Obatoclax Mesylate,302,PI-103,B1|B2|L,0.42222222222222|0.41481481481481|0.16296296296296,14.442218214837|12.425756027659|38.532576951718,82.679600360116|86.600099622362|79.296030945375,85.18105027179|88.265138551237|87.273803753408,17.531596064684,83.754485038349,86.80141708841585,3.046932050066843,0.036379329998527624,0.0,183.17517973363897
HN160,182,Obatoclax Mesylate,1012,Vorinostat,B1|B2|L,0.42222222222222|0.41481481481481|0.16296296296296,14.442218214837|12.425756027659|38.532576951718,29.541600387792|34.82325891846|37.417736452227,39.717356210469|42.921961752031|61.5322953119,17.531596064684,33.016029062866,44.601701177571854,11.585672114705858,0.3509105256917941,0.6413510165846377,38.611725563247
HN160,301,PHA-793887,302,PI-103,B1|B2|L,0.42222222222222|0.41481481481481|0.16296296296296,66.951225189554|72.265482524343|55.393967973222,82.679600360116|86.600099622362|79.296030945375,94.275820126745|96.283602288043|90.76478093268,67.272252982064,83.754485038349,94.53650856202773,10.782023523678731,0.12873368535120147,0.0,53.965055240733996
HN160,301,PHA-793887,1012,Vorinostat,B1|B2|L,0.42222222222222|0.41481481481481|0.16296296296296,66.951225189554|72.265482524343|55.393967973222,29.541600387792|34.82325891846|37.417736452227,76.714362177117|81.923545354677|72.084535478798,67.272252982064,33.016029062866,78.120718255489,10.848465273424992,0.16126210722149276,0.0,92.82807992864
HN160,302,PI-103,1012,Vorinostat,B1|B2|L,0.42222222222222|0.41481481481481|0.16296296296296,82.679600360116|86.600099622362|79.296030945375,29.541600387792|34.82325891846|37.417736452227,87.796323607299|91.266381625683|87.042987521385,83.754485038349,33.016029062866,89.11298920092315,5.35850416257415,0.0639787130220027,0.0,146.79313516937398
HN182,1007,Docetaxel,133,Doxorubicin,J1|J2|L,0.71910112359551|0.20224719101124|0.078651685393258,4.4791106006856|3.3150580642658|6.3155137520376,8.2891102953025|7.7220448993924|47.671758024425,12.396942478049|10.781112691495|50.976555342592,4.3881204479206,11.271934531004,15.10449701618169,3.8325624851776894,0.34000929251638584,0.0,49.5732308021309
HN182,1007,Docetaxel,201,Epothilone B,J1|J2|L,0.71910112359551|0.20224719101124|0.078651685393258,4.4791106006856|3.3150580642658|6.3155137520376,3.5943069485864|3.0879766099691|24.796381150615,7.9124245657167|6.3006664566035|29.545876041078,4.3881204479206,5.1594819296997,9.287958434969436,4.128476505269736,0.800172684297012,0.39741041036991265,19.5927525049733
HN182,1007,Docetaxel,1010,Gefitinib,J1|J2|L,0.71910112359551|0.20224719101124|0.078651685393258,4.4791106006856|3.3150580642658|6.3155137520376,13.723048774929|13.754347639081|11.757532700462,17.587488843199|16.61344109275|17.330497857902,4.3881204479206,13.574787730361,17.370277647635916,3.7954899172749155,0.2795984727470932,0.0,25.125246697483004
HN182,1007,Docetaxel,182,Obatoclax Mesylate,J1|J2|L,0.71910112359551|0.20224719101124|0.078651685393258,4.4791106006856|3.3150580642658|6.3155137520376,7.9608648395745|7.2990164145058|38.532576951718,12.083399499324|10.37210784651|42.414560507355,4.3881204479206,10.231524537707,14.122892502757846,3.891367965050847,0.38033119607050725,0.0,39.682775788809295
HN182,1007,Docetaxel,301,PHA-793887,J1|J2|L,0.71910112359551|0.20224719101124|0.078651685393258,4.4791106006856|3.3150580642658|6.3155137520376,40.324235641448|43.105130352967|55.393967973222,42.997179128872|44.991228317354|58.211068060111,4.3881204479206,42.07192363167,44.59706798180903,2.52514435013903,0.06001970274157385,0.0,124.713651550648
HN182,1007,Docetaxel,302,PI-103,J1|J2|L,0.71910112359551|0.20224719101124|0.078651685393258,4.4791106006856|3.3150580642658|6.3155137520376,47.214535667313|57.957322824882|79.296030945375,49.57885499586|59.351061985009|80.603592958237,4.3881204479206,51.910497867118,53.99540433902101,2.084906471903004,0.0401634844119586,0.0,170.358207020581
HN182,1007,Docetaxel,1012,Vorinostat,J1|J2|L,0.71910112359551|0.20224719101124|0.078651685393258,4.4791106006856|3.3150580642658|6.3155137520376,27.843910258139|21.427308170097|37.417736452227,31.075861322807|24.032038526915|41.370127912923,4.3881204479206,27.299168075823,30.460929365557206,3.161761289734205,0.11581896125744431,0.0,72.579272463474
HN182,133,Doxorubicin,201,Epothilone B,J1|J2|L,0.71910112359551|0.20224719101124|0.078651685393258,8.2891102953025|7.7220448993924|47.671758024425,3.5943069485864|3.0879766099691|24.796381150615,11.585481176569|10.571566569057|60.647268354105,11.271934531004,5.1594819296997,15.239212045192927,3.967277514188927,0.3519606597498184,0.0,32.2042485099494
HN182,133,Doxorubicin,1010,Gefitinib,J1|J2|L,0.71910112359551|0.20224719101124|0.078651685393258,8.2891102953025|7.7220448993924|47.671758024425,13.723048774929|13.754347639081|11.757532700462,20.874640421399|20.414275638165|53.82426818628,11.271934531004,13.574787730361,23.37307669393833,9.79828896357733,0.7218005289071845,0.39741041036991265,47.380466543278104
HN182,133,Doxorubicin,182,Obatoclax Mesylate,J1|J2|L,0.71910112359551|0.20224719101124|0.078651685393258,8.2891102953025|7.7220448993924|47.671758024425,7.9608648395745|7.2990164145058|38.532576951718,15.590090267865|14.457427989156|67.835178131145,11.271934531004,10.231524537707,19.470176717597433,8.198242186593433,0.7273145673481133,0.0,9.890455013321603
HN182,133,Doxorubicin,301,PHA-793887,J1|J2|L,0.71910112359551|0.20224719101124|0.078651685393258,8.2891102953025|7.7220448993924|47.671758024425,40.324235641448|43.105130352967|55.393967973222,45.270825568693|47.498577732562|76.658447625325,11.271934531004,42.07192363167,48.19007156134587,6.118147929675864,0.14542115980336054,0.0,75.1404207485171
HN182,133,Doxorubicin,302,PI-103,J1|J2|L,0.71910112359551|0.20224719101124|0.078651685393258,8.2891102953025|7.7220448993924|47.671758024425,47.214535667313|57.957322824882|79.296030945375,51.589981025737|61.203877233251|89.165976974548,11.271934531004,51.910497867118,56.48977994008496,4.579282072966954,0.08821495190990333,0.0,120.7849762184501
HN182,133,Doxorubicin,1012,Vorinostat,J1|J2|L,0.71910112359551|0.20224719101124|0.078651685393258,8.2891102953025|7.7220448993924|47.671758024425,27.843910258139|21.427308170097|37.417736452227,33.825008121619|27.494726711863|67.251801696929,11.271934531004,27.299168075823,35.17380014017642,7.874632064353417,0.288456851230109,0.39741041036991265,43.51408480573911
HN182,201,Epothilone B,1010,Gefitinib,J1|J2|L,0.71910112359551|0.20224719101124|0.078651685393258,3.5943069485864|3.0879766099691|24.796381150615,13.723048774929|13.754347639081|11.757532700462,16.82410722784|16.417593211101|33.638471228762,5.1594819296997,13.574787730361,18.064368977336486,4.489581246975485,0.33072938863966245,0.39741041036991265,33.8339613056075
HN182,201,Epothilone B,182,Obatoclax Mesylate,J1|J2|L,0.71910112359551|0.20224719101124|0.078651685393258,3.5943069485864|3.0879766099691|24.796381150615,7.9608648395745|7.2990164145058|38.532576951718,11.269033870065|10.161601104837|53.774273454231,5.1594819296997,10.231524537707,14.388167435402472,4.156642897695473,0.40625841069692864,0.0,22.313793496627795
HN182,201,Epothilone B,301,PHA-793887,J1|J2|L,0.71910112359551|0.20224719101124|0.078651685393258,3.5943069485864|3.0879766099691|24.796381150615,40.324235641448|43.105130352967|55.393967973222,42.469165786409|44.86203061994|66.454649690747,5.1594819296997,42.07192363167,44.83961471150993,2.7676910798399277,0.06578475241756059,0.0,107.34466925846651
HN182,201,Epothilone B,302,PI-103,J1|J2|L,0.71910112359551|0.20224719101124|0.078651685393258,3.5943069485864|3.0879766099691|24.796381150615,47.214535667313|57.957322824882|79.296030945375,49.111807279666|59.255590862254|84.429866025465,5.1594819296997,51.910497867118,53.941183860646305,2.0306859935283015,0.03911898511793338,0.0,152.9892247283995
HN182,201,Epothilone B,1012,Vorinostat,J1|J2|L,0.71910112359551|0.20224719101124|0.078651685393258,3.5943069485864|3.0879766099691|24.796381150615,27.843910258139|21.427308170097|37.417736452227,30.437421605559|23.853614515628|52.935873054215,5.1594819296997,27.299168075823,30.87540624063587,3.5762381648128674,0.13100172704457233,0.0,55.2102901712925
HN182,1010,Gefitinib,182,Obatoclax Mesylate,J1|J2|L,0.71910112359551|0.20224719101124|0.078651685393258,13.723048774929|13.754347639081|11.757532700462,7.9608648395745|7.2990164145058|38.532576951718,20.591440249663|20.049431961702|45.759629316751,13.574787730361,10.231524537707,22.46134108434056,8.88655335397956,0.6546366345091449,0.39741041036991265,38.992559411185695
HN182,1010,Gefitinib,301,PHA-793887,J1|J2|L,0.71910112359551|0.20224719101124|0.078651685393258,13.723048774929|13.754347639081|11.757532700462,40.324235641448|43.105130352967|55.393967973222,48.513569891184|50.930648513022|60.638536775149,13.574787730361,42.07192363167,49.956066333665554,7.88414270199555,0.1873967725131706,0.0,99.588404853165
HN182,1010,Gefitinib,302,PI-103,J1|J2|L,0.71910112359551|0.20224719101124|0.078651685393258,13.723048774929|13.754347639081|11.757532700462,47.214535667313|57.957322824882|79.296030945375,54.45831068376|63.740018800324|81.730306877266,13.574787730361,51.910497867118,58.48049854277984,6.570000675661838,0.1265640081603516,0.0,145.23296032309798
HN182,1010,Gefitinib,1012,Vorinostat,J1|J2|L,0.71910112359551|0.20224719101124|0.078651685393258,13.723048774929|13.754347639081|11.757532700462,27.843910258139|21.427308170097|37.417736452227,37.745925647496|32.234469353766|44.775866553546,13.574787730361,27.299168075823,37.184165794184025,9.884997718361024,0.3620988628996166,0.0,47.454025765991
HN182,182,Obatoclax Mesylate,301,PHA-793887,J1|J2|L,0.71910112359551|0.20224719101124|0.078651685393258,7.9608648395745|7.2990164145058|38.532576951718,40.324235641448|43.105130352967|55.393967973222,45.074942584015|47.257896227516|72.581821589048,10.231524537707,42.07192363167,47.679901220175616,5.607977588505612,0.13329501255046391,0.0,85.0308757618387
HN182,182,Obatoclax Mesylate,302,PI-103,J1|J2|L,0.71910112359551|0.20224719101124|0.078651685393258,7.9608648395745|7.2990164145058|38.532576951718,47.214535667313|57.957322824882|79.296030945375,51.41671513778|61.026024732992|87.273803753408,10.231524537707,51.910497867118,56.180391463883886,4.269893596765883,0.08225491513674324,0.0,130.6754312317717
HN182,182,Obatoclax Mesylate,1012,Vorinostat,J1|J2|L,0.71910112359551|0.20224719101124|0.078651685393258,7.9608648395745|7.2990164145058|38.532576951718,27.843910258139|21.427308170097|37.417736452227,33.588159036011|27.162341844081|61.5322953119,10.231524537707,27.299168075823,34.48640897394888,7.187240898125882,0.26327692031359473,0.39741041036991265,35.1261776736467
HN182,301,PHA-793887,302,PI-103,J1|J2|L,0.71910112359551|0.20224719101124|0.078651685393258,40.324235641448|43.105130352967|55.393967973222,47.214535667313|57.957322824882|79.296030945375,68.499870689258|76.079873625094|90.76478093268,42.07192363167,51.910497867118,71.78407770666315,19.87357983954515,0.38284317539042134,0.0,45.644555469932996
HN182,301,PHA-793887,1012,Vorinostat,J1|J2|L,0.71910112359551|0.20224719101124|0.078651685393258,40.324235641448|43.105130352967|55.393967973222,27.843910258139|21.427308170097|37.417736452227,56.940301915302|55.296169405212|72.084535478798,42.07192363167,27.299168075823,57.79890022724434,15.726976595574335,0.37381168337488896,0.0,52.134379087174
HN182,302,PI-103,1012,Vorinostat,J1|J2|L,0.71910112359551|0.20224719101124|0.078651685393258,47.214535667313|57.957322824882|79.296030945375,27.843910258139|21.427308170097|37.417736452227,61.912072985448|66.965936826154|87.042987521385,51.910497867118,27.299168075823,64.91079153471011,13.00029366759211,0.2504366978115032,0.0,97.778934557107
