Drug ID,Drug Name,Synonyms,Target,Target Pathway,Selleckchem Cat#,CAS number,PubCHEM,Others,entropy,max_conc,log2_max_conc,num_cl,num_cl_hn,log2_median_ic50,median_ic50,median_ic50_3f,log2_median_ic50_3f,median_ic50_9f,log2_median_ic50_9f,log2_median_ic50_hn,median_ic50_hn,median_ic50_3f_hn,log2_median_ic50_3f_hn,median_ic50_9f_hn,log2_median_ic50_9f_hn,num_sensitive,num_sensitive_hn
1,Erlotinib,"Tarceva, RG-1415, CP-358774, OSI-774, Ro-508231, R-1415",EGFR,EGFR signaling,S7786,183321-74-6,176870,"(S1023, 183319-69-9, HCl)",7.045609137967555,2.0,1.0,393,4,6.24868681917,76.04001013533802,25.346670045112674,4.6637243184488435,8.448890015037557,3.078761817727687,7.76464004415,217.4650949508615,72.4883649836205,6.179677543428844,24.1627883278735,4.594715042707688,17,1
1001,AICA Ribonucleotide,"AICAR, N1-(b-D-Ribofuranosyl)-5-aminoimidazole-4-carboxamide",AMPK agonist,Metabolism,S1802,2627-69-2,65110,,6.03427221541947,2000.0,10.965784284662087,883,33,10.861657214800001,1860.7354181170629,620.2451393723543,9.276694714078845,206.74837979078475,7.691732213357689,9.939784273839999,982.139587896068,327.37986263202265,8.354821773118843,109.12662087734088,6.769859272397687,476,27
1003,Camptothecin,"7-Ethyl-10-Hydroxy-Camptothecin, SN-38, Irinotecan, Camptothecin-11, Camptosar",TOP1,DNA replication,S1288,7689-03-4,104842,"(SN-38, S4908, 86639-52-3) (Irinotecan, S1198, 97682-44-5)",4.609529641812281,0.1,-3.321928094887362,890,33,-5.793488098665,0.01802960876351594,0.006009869587838647,-7.378450599386156,0.0020032898626128823,-8.963413100107312,-7.5874910282,0.005199212985867895,0.0017330709952892984,-9.172453528921157,0.0005776903317630995,-10.757416029642313,688,30
1004,Vinblastine,Velban,Microtubule destabiliser,Mitosis,S1248,143-67-9,6710780,,4.297121590610695,0.1,-3.321928094887362,891,34,-6.119126027180001,0.014386644713054718,0.004795548237684906,-7.704088527901157,0.001598516079228302,-9.289051028622314,-7.150982105624999,0.007036227740418207,0.0023454092468060688,-8.735944606346155,0.0007818030822686897,-10.320907107067312,753,33
1005,Cisplatin,"cis-Diammineplatinum(II) dichloride, Platinol, CIS-DDP",DNA crosslinker,DNA replication,S1166,15663-27-1,84691,,7.2036178435836336,6.0,2.584962500721156,891,34,3.57941302116,11.953929391212474,3.9846431304041583,1.994450520438844,1.328214376801386,0.40948801971768783,3.4862791288700006,11.20661858466581,3.7355395282219366,1.9013166281488445,1.2451798427406455,0.3163541274276883,175,9
1006,Cytarabine,"Ara-Cytidine, Arabinosyl Cytosine, U-19920",Antimetabolite,DNA replication,S1648,147-94-4,6253,,6.646593859560977,2.0,1.0,887,34,0.55315447033,1.4672904395329234,0.48909681317764114,-1.031808030391156,0.1630322710592137,-2.6167705311123126,-1.342631880305,0.3943006844010018,0.1314335614670006,-2.927594381026156,0.04381118715566687,-4.5125568817473125,508,25
1007,Docetaxel,"RP-56976, Taxotere",Microtubule stabiliser,Mitosis,S1148,114977-28-5,148124,,4.220984091365114,0.0125,-6.321928094887363,891,34,-7.188990291869999,0.0068532769661373795,0.0022844256553791265,-8.773952792591155,0.0007614752184597088,-10.358915293312311,-9.792997902885,0.0011272334915997388,0.00037574449719991293,-11.377960403606156,0.0001252481657333043,-12.962922904327312,584,32
1008,Methotrexate,"Abitrexate, Amethopterin, Rheumatrex, Trexall, Folex",Antimetabolite,DNA replication,S1210,59-05-2,126941,,6.9788488179391965,0.2,-2.321928094887362,892,34,1.279400932595,2.427381608980047,0.809127202993349,-0.30556156812615626,0.26970906766444963,-1.8905240688473126,4.43190636091,21.584239564412957,7.194746521470986,2.846943860188844,2.3982488404903286,1.2619813594676879,211,5
1009,Tretinoin,"ATRA, Vesanoid, Renova, Atralin, Tretin-X, Avita",Retinoic acid,Other,S1653,302-79-4,444795,,7.387022693799018,10.0,3.321928094887362,882,30,7.481169454654999,178.671962850854,59.55732095028466,5.896206953933843,19.852440316761555,4.311244453212687,8.217447442035,297.6447096893436,99.2149032297812,6.6324849413138445,33.071634409927064,5.047522440592688,38,0
1010,Gefitinib,"ZD-1839, Iressa",EGFR,EGFR signaling,S1025,184475-35-2,123631,184475-55-6 (HCl),7.367818348603838,0.5,-1.0,887,34,4.97891836932,31.535794370873475,10.511931456957825,3.3939558685988436,3.503977152319275,1.808993367877687,-1.3749687882300001,0.3855610476245514,0.1285203492081838,-2.9599312889511564,0.04284011640272793,-4.5448937896723125,63,18
1011,Navitoclax,"ABT-263, ABT263, ABT 263","BCL2, BCL-XL, BCL-W",Apoptosis regulation,S1001,923564-51-6,24978538,,7.320211373426945,2.0,1.0,887,35,2.58230482708,5.988957220453372,1.9963190734844574,0.997342326358844,0.6654396911614858,-0.5876201743623121,2.30320256422,4.935521611475158,1.6451738704917194,0.7182400634988437,0.5483912901639064,-0.8667224372223126,259,3
1012,Vorinostat,"Zolinza, SAHA, suberanilohydroxamic acid, suberoylanilide hydroxamic acid, MK-0683","HDAC inhibitor Class I, IIa, IIb, IV",Chromatin histone acetylation,S1047,149647-78-9,5311,,6.279017668577398,10.0,3.321928094887362,892,34,1.237642943955,2.3581294931895234,0.7860431643965078,-0.34731955676615617,0.26201438813216926,-1.9322820574873123,0.711127478002,1.6370830111117665,0.5456943370372555,-0.8738350227191561,0.18189811234575182,-2.4587975234403125,834,32
1013,Nilotinib,"Tasigna, AMN 107",ABL,ABL signaling,S1033,641571-10-0,644241,,7.372447247594639,2.0,1.0,841,30,6.11530028556,69.3248308272062,23.108276942402068,4.530337784838844,7.702758980800689,2.9453752841176875,5.227121741355001,37.455917099298354,12.485305699766117,3.6421592406338448,4.161768566588706,2.0571967399126887,34,0
1014,Refametinib,"RDEA119, BAY-86-9766, BAY 869766","MEK1, MEK2",ERK MAPK signaling,S1089,923032-37-5,44182295,,7.298137415779552,5.0,2.321928094887362,878,35,2.72278060871,6.601439307893566,2.2004797692978553,1.1378181079888436,0.7334932564326184,-0.44714439273231243,0.7807003569230001,1.7179646571543024,0.5726548857181007,-0.8042621437981562,0.1908849619060336,-2.389224644519312,378,23
1015,CI-1040,"CI 1040, PD-18435, PD-184352, 212631-79-3","MEK1, MEK2",ERK MAPK signaling,S1020,212631-79-3,6918454,,7.248119233486665,10.0,3.321928094887362,879,33,3.3680576956,10.324912824547633,3.4416376081825444,1.7830951948788438,1.147212536060848,0.19813269415768758,2.44407522106,5.441767131969359,1.8139223773231195,0.8591127203388436,0.6046407924410399,-0.7258497803823125,431,21
1016,Temsirolimus,"CCI-779, Torisel",MTOR,PI3K/MTOR signaling,S1044,162635-04-3,6918289,,6.519055449406555,0.2,-2.321928094887362,877,31,-1.16152245201,0.4470405320430656,0.14901351068102187,-2.7464849527311563,0.04967117022700729,-4.331447453452312,-1.90312833101,0.26736298836672007,0.08912099612224002,-3.488090831731156,0.02970699870741334,-5.073053332452313,300,14
1017,Olaparib,"AZD2281, KU0059436,  Lynparza","PARP1, PARP2",Genome integrity,S1060,763113-22-0,23725625,,7.33646921579723,5.0,2.321928094887362,891,34,6.42559284666,85.95995644530157,28.653318815100523,4.840630345938844,9.551106271700174,3.2556678452176873,5.241085241015,37.82020402634861,12.606734675449538,3.656122740293844,4.2022448918165125,2.0711602395726874,45,0
1018,Veliparib,"ABT-888, ABT888, ABT 888","PARP1, PARP2",Genome integrity,S1004,912444-00-9,11960529,,7.172697311433193,5.0,2.321928094887362,891,34,7.40927761325,169.98664711961987,56.66221570653996,5.8243151125288435,18.88740523551332,4.239352611807687,6.92720217993,121.7014190538471,40.567139684615704,5.342239679208844,13.5223798948719,3.7572771784876875,1,0
1019,Bosutinib,"SKI-606, Bosulif","SRC, ABL, TEC","Other, kinases",S1014,380843-75-4,5328940,,7.227216518348869,2.0,1.0,892,34,2.250761328895,4.759339362578488,1.5864464541928294,0.6657988281738438,0.5288154847309431,-0.9191636725473125,0.103842556254,1.0746318900631577,0.3582106300210526,-1.4811199444671561,0.11940354334035086,-3.066082445188312,219,21
1020,Lenalidomide,"CDC-501, CC-5013, Revlimid",CRBN,Protein stability and degradation,none,191732-72-6,216326,,7.182225768567401,5.0,2.321928094887362,891,34,7.3564962290999985,163.8800274207092,54.62667580690307,5.771533728378842,18.208891935634355,4.186571227657686,6.479973105179999,89.26193060387678,29.753976867958926,4.895010604458843,9.917992289319642,3.3100481037376865,9,1
1021,Axitinib,"AG-13736, Inlyta","PDGFR, KIT, VEGFR",RTK signaling,S1005,319460-85-0,6450551,,7.203026571011703,2.0,1.0,886,34,2.297345386715,4.91552457632793,1.6385081921093099,0.7123828859938437,0.54616939736977,-0.8725796147273124,1.753708988045,3.37224414314325,1.12408138104775,0.16874648732384384,0.3746937936825833,-1.4162160133973123,160,6
1022,AZD7762,"AZD-7762, AZD 7762","CHEK1, CHEK2",Cell cycle,S1532,860352-01-8,11152667,,5.925776110926988,2.0,1.0,890,34,-0.9219146448390001,0.52780808496874,0.17593602832291333,-2.506877145560156,0.05864534277430444,-4.091839646281312,-0.877160000274,0.5444381240962192,0.18147937469873973,-2.462122500995156,0.060493124899579906,-4.0470850017163125,735,31
1023,GW441756,GW 441756,NTRK1,RTK signaling,S2891,504433-23-2,9943465,,7.388604083633318,2.0,1.0,888,34,5.854774273875,57.87122484109578,19.29040828036526,4.269811773153844,6.430136093455086,2.6848492724326873,5.311267705284999,39.70552056654383,13.235173522181277,3.726305204563843,4.411724507393759,2.141342703842687,31,2
1024,Lestauritinib,"CEP-701, SP-924, SPM-924, A-154475, KT-555","FLT3, JAK2, NTRK1, NTRK2, NTRK3","Other, kinases",none,111358-88-4,126565,,5.98654269935372,2.0,1.0,890,34,-0.8261569098830001,0.5640297205930397,0.18800990686434657,-2.4111194106041562,0.06266996895478219,-3.9960819113253123,-1.010680527748,0.4963120791625871,0.16543735972086238,-2.5956430284691563,0.05514578657362079,-4.180605529190312,681,29
1025,SB216763,"SB-216763, SB 216763","GSK3A, GSK3B",WNT signaling,S1075,280744-09-4,176158,,7.308925558872068,10.0,3.321928094887362,785,26,7.53996022347,186.10335109270335,62.03445036423445,5.9549977227488435,20.678150121411484,4.3700352220276875,6.52499725892,92.09157414912558,30.697191383041858,4.940034758198844,10.23239712768062,3.355072257477688,24,1
1026,Tanespimycin,"17-AAG, BMS-722782",HSP90,Protein stability and degradation,S1141,75747-14-7,6505803,,6.4736686653645155,1.0,0.0,888,35,-0.801330963174,0.5738195540689094,0.19127318468963647,-2.3862934638951563,0.06375772822987882,-3.9712559646163124,-3.12327623139,0.11476254471313688,0.038254181571045626,-4.708238732111156,0.012751393857015209,-6.293201232832312,543,29
1028,VX-702,"VX702, VX 702",p38,JNK and p38 signaling,S6005,745833-23-2,10341154,,7.2437690916587725,2.0,1.0,889,34,6.67999969916,102.5369229498142,34.17897431660473,5.095037198438844,11.392991438868243,3.5100746977176875,6.699937865395,103.96382907866857,34.65460969288952,5.114975364673844,11.551536564296507,3.5300128639526878,6,1
1029,Motesanib,"AMG-706, AMG 706, AMG706","VEGFR, RET, KIT, PDGFR",RTK signaling,S1032,857876-30-3,11667893,"(453562-69-1, free base)",7.41121331750367,2.0,1.0,886,35,6.523461685495,91.99360601452435,30.664535338174783,4.9384991847738435,10.221511779391594,3.3535366840526875,6.55410587649,93.96853661521642,31.322845538405474,4.969143375768844,10.440948512801825,3.3841808750476883,18,0
1030,KU-55933,KU55933,ATM,Genome integrity,S1092,587871-26-9,5278396,,7.337740938949514,10.0,3.321928094887362,887,35,5.180835962330001,36.27329661904154,12.091098873013847,3.5958734616088446,4.030366291004615,2.010910960887688,5.180835962330001,36.27329661904154,12.091098873013847,3.5958734616088446,4.030366291004615,2.010910960887688,49,1
1031,Elesclomol,STA-4783,HSP90,Protein stability and degradation,S1052,488832-69-5,300471,,5.329538114840051,0.2,-2.321928094887362,890,34,-4.96531789993,0.032010346416657114,0.010670115472219037,-6.550280400651156,0.003556705157406346,-8.135242901372312,-5.852779722919999,0.017303650929080403,0.005767883643026801,-7.4377422236411554,0.0019226278810089337,-9.022704724362312,686,31
1032,Afatinib,"BIBW2992, Tovok, Gilotrif","ERBB2, EGFR",EGFR signaling,S1011,439081-18-2,10184653,,7.392206178457959,0.5,-1.0,891,34,4.76034418455,27.10231503860232,9.03410501286744,3.175381683828844,3.0113683376224802,1.590419183107688,-1.94657370853,0.2594316303835556,0.08647721012785187,-3.531536209251156,0.028825736709283956,-5.116498709972312,89,19
1033,Vismodegib,"GDC0449, Erivedge",SMO,Other,S1082,879085-55-9,24776445,,7.285735707009134,10.0,3.321928094887362,893,34,7.24795849292,152.0032639822274,50.66775466074247,5.6629959921988435,16.88925155358082,4.0780334914776875,6.62929367606,98.99568077672055,32.99856025890685,5.044331175338844,10.999520086302283,3.4593686746176875,22,1
1036,PLX-4720,"PLX4720, PLX 4720",BRAF,ERK MAPK signaling,S1152,918505-84-7,24180719,,7.490740924365328,10.0,3.321928094887362,886,35,6.08673978265,67.96592788889231,22.655309296297435,4.5017772819288435,7.5517697654324785,2.916814781207687,5.14533939119,35.391705756647795,11.797235252215932,3.560376890468844,3.932411750738644,1.975414389747688,90,0
1037,BX796,BX-796,"TBK1, PDK1 (PDPK1), IKK, AURKB, AURKC",Other,none,none,10077147,,6.843003463133881,5.0,2.321928094887362,888,35,2.2820049385050005,4.86353378111899,1.6211779270396633,0.6970424377838443,0.5403926423465545,-0.8879200629373117,2.12742616303,4.369372677544952,1.4564575591816507,0.5424636623088439,0.4854858530605502,-1.0424988384123124,456,19
1038,NU7441,"KU-57788, NU-7432, NU-7741",DNAPK,Genome integrity,S2638,503468-95-9,11327430,,7.3373591160572165,2.0,1.0,885,35,3.69303639789,12.93346019626678,4.311153398755594,2.1080738971688437,1.4370511329185311,0.5231113964476874,3.70323709746,13.025231396520201,4.341743798840067,2.118274596738844,1.447247932946689,0.5333120960176878,28,0
1039,SL0101,"SL-0101, SL 0101-1","RSK, AURKB, PIM1, PIM3",Other,none,77307-50-7,10459196,,7.195124312619331,10.0,3.321928094887362,871,35,7.94823283011,246.97699055099758,82.3256635169992,6.363270329388844,27.441887838999733,4.778307828667688,7.68895593265,206.3509017447477,68.7836339149159,6.103993431928844,22.927877971638633,4.519030931207688,3,0
104,Bortezomib,"PS-341, LDP-341, Velcade",Proteasome,Protein stability and degradation,S1013,179324-69-7,387447,,3.203849813549974,0.02,-5.643856189774724,427,4,-8.53497025397,0.0026959879171745377,0.0008986626390581793,-10.119932754691156,0.0002995542130193931,-11.704895255412312,-10.41289683385,0.0007335094464673719,0.0002445031488224573,-11.997859334571157,8.150104960748577e-05,-13.582821835292313,359,3
1042,Doramapimod,"BIRB-796, BIRB 796","p38, JNK2",JNK and p38 signaling,S1574,285983-48-4,156422,,7.16047242671778,10.0,3.321928094887362,876,35,8.148596697079999,283.77362524390094,94.59120841463364,6.5636341963588425,31.53040280487788,4.978671695637686,8.56375635718,378.39687321951527,126.13229107317176,6.978793856458845,42.04409702439059,5.393831355737689,20,2
1043,JNK Inhibitor VIII,-,JNK,JNK and p38 signaling,none,894804-07-0,11624601,,7.237454555101726,10.0,3.321928094887362,885,35,7.8357740842,228.45624726966898,76.15208242322299,6.250811583478844,25.384027474407663,4.6658490827576875,7.938876019260001,245.38036811984168,81.79345603994723,6.353913518538845,27.264485346649074,4.768951017817689,6,1
1046,681640,-,"WEE1, CHEK1",Cell cycle,none,622855-37-2,10384072,,7.321130670514959,2.0,1.0,796,26,2.94817811676,7.71773825854261,2.5725794195142035,1.3632156160388438,0.8575264731714012,-0.2217468846823125,1.333295072855,2.519775274103837,0.8399250913679457,-0.25166742786615615,0.2799750304559819,-1.8366299285873124,112,8
1047,Nutlin-3a (-),-,MDM2,p53 pathway,S8059,675576-98-4,11433190,,7.460572495433206,4.0,2.0,887,35,6.33995364865,81.00581939240901,27.00193979746967,4.754991147928844,9.000646599156557,3.1700286472076877,6.57004005954,95.01214670084548,31.67071556694849,4.985077558818844,10.556905188982832,3.400115058097688,86,0
1049,PD173074,"PD-173074, PD 173074","FGFR1, FGFR3",RTK signaling,S1264,219580-11-7,1401,,7.3802755638357045,2.0,1.0,887,35,6.02591032778,65.1598025833476,21.7199341944492,4.440947827058844,7.2399780648164,2.855985326337688,5.57851992644,47.7861265920205,15.928708864006834,3.993557425718844,5.309569621335611,2.408594924997688,42,1
1050,ZM447439,"ZM-447439, ZM 447439","AURKA, AURKB",Mitosis,S1103,331771-20-1,9914412,,7.149323749131755,2.0,1.0,835,31,2.81619252381,7.043011916974729,2.3476706389915765,1.2312300230888438,0.7825568796638588,-0.3537324776323125,2.2359922439,4.710865832137261,1.5702886107124205,0.651029743178844,0.5234295369041402,-0.9339327575423122,108,4
1052,RO-3306,-,CDK1,Cell cycle,S7747,872573-93-8,44450571,,7.419868963702992,5.0,2.321928094887362,887,35,5.700436486930001,51.99988353547783,17.333294511825944,4.115473986208845,5.777764837275314,2.530511485487689,3.11270465506,8.650027114564907,2.8833423715216355,1.5277421543388439,0.9611141238405452,-0.05722034638231235,68,10
1053,MK-2206,"MK 2206, MK2206","AKT1, AKT2",PI3K/MTOR signaling,S1078,1032350-13-2,46930998,,7.206630610575643,2.0,1.0,863,35,2.92857110118,7.613559496336312,2.5378531654454375,1.3436086004588441,0.8459510551484791,-0.2413539002623122,2.6532626722,6.290883617151803,2.096961205717268,1.0683001714788438,0.6989870685724227,-0.5166623292423125,168,9
1054,Palbociclib,"PD0332991, PD-0332991, PF-00080665-73","CDK4, CDK6",Cell cycle,S1116,827022-32-2,5330286,"(S1579, 827022-33-3, isethionate)",7.376304540464869,2.0,1.0,863,35,3.65776256947,12.621072178561146,4.207024059520382,2.072800068748844,1.4023413531734608,0.48783756802768763,2.36771901149,5.161244626905737,1.7204148756352458,0.7827565107688441,0.5734716252117485,-0.8022059899523122,162,10
1057,Dactolisib,"NVP-BEZ235, BEZ235","PI3K (Class 1), MTORC1, MTORC2",PI3K/MTOR signaling,S1009,915019-65-7,11977753,,5.05619137521944,0.25,-2.0,880,35,-3.6232680551099996,0.08114983349734123,0.027049944499113743,-5.208230555831156,0.009016648166371247,-6.793193056552312,-4.23043985554,0.05327343600755148,0.01775781200251716,-5.815402356261156,0.00591927066750572,-7.400364856982312,723,29
1058,Pictilisib,"GDC-0941, GDC0941, RG-7621",PI3K (class 1),PI3K/MTOR signaling,S1065,957054-30-7,17755052,,6.974687662204436,2.0,1.0,880,35,1.8433625156050002,3.5884542201952683,1.196151406731756,0.2584000148838439,0.398717135577252,-1.3265624858373122,0.415263633185,1.3335423418193018,0.44451411393976725,-1.1696988675361562,0.14817137131325575,-2.7546613682573122,330,19
1059,AZD8055,AZD-8055,"MTORC1, MTORC2",PI3K/MTOR signaling,S1555,1009298-09-2,25262965,,5.980179693485893,2.0,1.0,879,35,-0.08699117352,0.9414842245708885,0.31382807485696285,-1.6719536742411563,0.10460935828565428,-3.2569161749623126,-0.05944863113059999,0.9596308007373813,0.3198769335791271,-1.644411131851756,0.1066256445263757,-3.2293736325729125,682,30
106,XMD8-85,ERK5-IN-1,"ERK5, BET",Other,none,none,46844147,,6.97854123359017,8.0,3.0,423,4,3.43352734886,10.804252441730368,3.601417480576789,1.848564848138844,1.2004724935255964,0.2636023474176878,3.01286142574,8.071637733687417,2.690545911229139,1.4278989250188439,0.8968486370763797,-0.1570635757023123,155,2
1060,PD0325901,"PD-0325901, PD 0325901","MEK1, MEK2",ERK MAPK signaling,S1036,391210-10-9,9826528,,6.999619482852784,0.25,-2.0,879,35,0.218373388101,1.1634211109885066,0.38780703699616886,-1.3665891126201564,0.1292690123320563,-2.9515516133413127,-2.28412691688,0.20530961288035524,0.06843653762678507,-3.869089417601156,0.02281217920892836,-5.454051918322312,248,18
1061,SB590885,SB-590885,BRAF,ERK MAPK signaling,S2220,405554-55-4,11316960,,7.406257134529204,5.0,2.321928094887362,867,35,7.056889311689999,133.14821815356402,44.38273938452134,5.471926810968843,14.794246461507113,3.886964310247687,6.72705801814,105.93665262650376,35.31221754216792,5.142095517418844,11.77073918072264,3.5571330166976876,48,1
1062,Selumetinib,"AZD6244, AZD-6244, ARRY-886","MEK1, MEK2",ERK MAPK signaling,S1008,606143-52-6,10127622,,7.454905949159905,2.0,1.0,861,35,5.648886098969999,50.1746276086995,16.7248758695665,4.063923598248843,5.5749586231888335,2.478961097527687,3.96017324273,15.5643480554748,5.1881160184916,2.3752107420088437,1.7293720061638667,0.7902482412876873,79,2
1066,AZD6482,"AZD 6482, AZD-6482, AK-55409",PI3Kbeta,PI3K/MTOR signaling,S1462,1173900-33-8,44137675,,7.31512503133567,5.0,2.321928094887362,941,41,3.70326249775,13.025460722578636,4.341820240859545,2.1182999970288434,1.4472734136198484,0.5333374963076876,3.34637575766,10.170902235523306,3.3903007451744354,1.761413256938844,1.1301002483914784,0.17645075621768772,186,8
1067,CCT007093,-,PPM1D,Other,S7485,176957-55-4,2314623,,7.32188695242701,6.6,2.722466024471091,962,41,7.562505544615,189.0344731826225,63.011491060874164,5.977543043893844,21.00383035362472,4.392580543172688,8.0543410997,265.8264957982921,88.60883193276403,6.469378598978844,29.536277310921346,4.884416098257688,8,1
1069,EHT-1864,EHT 1864,"RAC1, RAC2, RAC3",Cytoskeleton,S7482,754240-09-0,9938202,,7.34582271457009,10.0,3.321928094887362,964,41,5.526164743775,46.083064194691175,15.361021398230392,3.9412022430538443,5.120340466076797,2.356239742332688,5.684235661769999,51.41921434729754,17.139738115765848,4.099273161048843,5.713246038588616,2.5143106603276864,50,1
1072,Avagacestat,"BMS-708163, BMS 708163","Amyloid beta20, Amyloid beta40",Other,S1262,1146699-66-2,46883536,,7.351815122597502,5.0,2.321928094887362,967,41,7.17248932543,144.25618097515868,48.08539365838623,5.587526824708844,16.02846455279541,4.002564323987688,6.48124462576,89.34063636580363,29.780212121934543,4.8962821250388435,9.926737373978181,3.311319624317687,5,0
11,Paclitaxel,"BMS-181339-01, Taxol, Onxol, Paxene, Praxel, Abraxane",Microtubule stabiliser,Mitosis,S1150,33069-62-4,36314,,5.480244505591214,0.1024,-3.287712379549449,427,4,-4.66106698923,0.03952565034577922,0.013175216781926407,-6.246029489951156,0.004391738927308802,-7.830991990672313,-1.23616260765,0.42450027466199236,0.14150009155399745,-2.8211251083711564,0.04716669718466582,-4.406087609092312,281,2
110,Seliciclib,"Roscovitine, CYC-202, AL-39256","CDK2, CDK7, CDK9",Cell cycle,S1153,186692-46-6,160355,,7.024162448234589,16.0,4.0,422,4,5.02413077648,32.53973905272068,10.846579684240226,3.4391682757588438,3.6155265614134087,1.8542057750376875,6.095462085099999,68.37808362852755,22.792694542842515,4.510499584378843,7.597564847614172,2.925537083657687,75,0
111,Salubrinal,EIF-2alpha Inhibitor,EIF2A,Other,S2923,405060-95-9 ,5717801,,6.964497627949813,16.0,4.0,424,4,4.901495387375,29.888019314831133,9.962673104943711,3.316532886653844,3.320891034981237,1.7315703859326879,6.13874737353,70.46072300920004,23.486907669733345,4.553784872808844,7.8289692232444485,2.968822372087688,108,0
1129,PF-4708671,"PF 4708671, PF4708671",S6K1,PI3K/MTOR signaling,S2163,1255517-76-0,51371303,,7.361831369505571,10.0,3.321928094887362,950,39,6.01150056172,64.51222013350531,21.504073377835102,4.426538060998844,7.168024459278367,2.8415755602776875,6.4051436879,84.75013069211433,28.25004356403811,4.820181187178844,9.416681188012703,3.2352186864576873,34,0
1133,Serdemetan,JNJ-26854165,MDM2,p53 pathway,S1172,881202-45-5,11609586,,7.107780508254878,10.0,3.321928094887362,961,40,3.60998986663,12.209987909443523,4.069995969814507,2.0250273659088434,1.3566653232715025,0.44006486518768734,2.9301524534950003,7.621909369617312,2.540636456539104,1.345189952773844,0.8468788188463681,-0.23977254794731193,369,27
1149,TW 37,"TW37, TW-37","BCL2, BCL-XL, MCL1",Apoptosis regulation,S1121,877877-35-5,11455910,,5.884214481527741,5.0,2.321928094887362,963,40,-1.07295274177,0.4753451211967086,0.1584483737322362,-2.657915242491156,0.05281612457741206,-4.242877743212312,-1.1575816410350002,0.44826332028084376,0.14942110676028125,-2.7425441417561562,0.04980703558676042,-4.327506642477313,901,40
1170,CCT-018159,"CCT018159, CCT 018159",HSP90,Protein stability and degradation,none,171009-07-7,5327091,,7.130163433222397,10.0,3.321928094887362,939,39,3.49936637018,11.308740623678869,3.769580207892956,1.914403869458844,1.2565267359643189,0.329441368737688,2.9518858488,7.737598386186262,2.5791994620620873,1.3669233480788436,0.8597331540206957,-0.21803915264231255,389,32
1175,Rucaparib,"PF-01367338, AG-014699, AG-14447, AG-14699","PARP1, PARP2",Genome integrity,S1098,459868-92-9,9931953,283173-50-2 (free base),7.424161916526041,5.0,2.321928094887362,964,40,5.692209591879999,51.7042007053544,17.234733568451468,4.107247091158843,5.7449111894838225,2.5222845904376867,5.119464519205,34.762610472047285,11.587536824015762,3.5345020184838436,3.8625122746719205,1.9495395177626873,37,0
119,Lapatinib,"Tykerb, Tyverb","ERBB2, EGFR",EGFR signaling,S2111,231277-92-2,208908,388082-78-8 (ditosylate),7.162390346235167,2.0,1.0,422,4,5.898403966969999,59.64808711273026,19.88269570424342,4.313441466248843,6.627565234747807,2.7284789655276867,6.794200914355,110.98346296798529,36.994487655995094,5.209238413633844,12.331495885331698,3.624275912912687,20,1
127,GSK269962A,GSK 269962A,"ROCK1, ROCK2",Cytoskeleton,S7687,850664-21-0,16095342,,7.332031208318662,2.5,1.3219280948873624,430,3,4.8511492162,28.862997218685862,9.620999072895287,3.2661867154788435,3.206999690965096,1.6812242147576872,7.188977095489999,145.91426232286878,48.63808744095626,5.604014594768843,16.212695813652086,4.019052094047687,64,1
133,Doxorubicin,"Doxil, Rubex, Adriamycin, Adriablastin, Doxorubicine",Anthracycline,DNA replication,S1208,25316-40-9,31703,23214-92-8 (free base),5.292667032483656,1.024,0.03421571533791298,931,41,-2.70592149835,0.15326269679312846,0.05108756559770949,-4.290883999071156,0.01702918853256983,-5.8758464997923125,-2.81222985506,0.14237523664075136,0.04745841221358379,-4.397192355781156,0.01581947073786126,-5.982154856502312,811,36
134,Etoposide,"Etopophos, Vepesid, Eposin, VP-16",TOP2,DNA replication,S1225,33419-42-0,36462,,6.942272878608432,16.0,4.0,940,42,2.26546197706,4.808083586998789,1.6026945289995964,0.680499476338844,0.5342315096665321,-0.9044630243823123,1.8334161183550002,3.563799365357662,1.1879331217858873,0.248453617633844,0.3959777072619624,-1.3365088830873122,660,31
135,Gemcitabine,"Gemzar, LY-188011",Pyrimidine antimetabolite,DNA replication,S1714,95058-81-4,60750,122111-03-9 (HCl),6.020089396631367,1.024,0.03421571533791298,926,42,-3.586590352445,0.08323935795870066,0.02774645265290022,-5.171552853166156,0.00924881755096674,-6.756515353887313,-3.68262320977,0.07787892554077733,0.025959641846925775,-5.267585710491156,0.00865321394897526,-6.852548211212312,677,31
136,Mitomycin-C,"Mytozytrex, NSC-26980, MMC, Mitosol, Mitozytrex",DNA crosslinker,DNA replication,S8146,50-07-7,5746,,5.758981035115462,16.0,4.0,932,42,-1.136649003715,0.4548147652736633,0.15160492175788778,-2.721611504436156,0.05053497391929593,-4.306574005157312,-1.0040551736999999,0.49859655723667295,0.16619885241222432,-2.589017674421156,0.05539961747074144,-4.1739801751423125,924,42
140,Vinorelbine,"vinorelbine tartrate, Navelbine, Exelbine",Microtubule destabiliser,Mitosis,S4269,125317-39-7,5311497,,4.717072653532981,0.064,-3.965784284662087,941,42,-5.7741399325,0.01827303479344616,0.006091011597815387,-7.359102433221156,0.0020303371992717954,-8.944064933942313,-6.58674470113,0.01040380661993702,0.0034679355399790065,-8.171707201851156,0.0011559785133263356,-9.756669702572312,670,31
147,NSC-87877,NSC 87877,"SHP-1 (PTPN6), SHP-2 (PTPN11)",Other,S8182,56932-43-5,5459322,,7.075975145524321,16.0,4.0,936,42,8.38438637043,334.15794599158073,111.38598199719358,6.7994238697088445,37.12866066573119,5.214461368987688,8.694128312515,414.1840860312388,138.06136201041292,7.109165811793844,46.020454003470974,5.524203311072688,28,2
150,Bicalutamide,"ICI-176334, Casodex, Cosudex, ICI 176334",AR,Hormone-related,S1190,90357-06-5,2375,,6.9677828777707775,1.024,0.03421571533791298,930,42,6.745370959535,107.28993710489988,35.76331236829996,5.160408458813844,11.921104122766653,3.575445958092688,7.026725049525,130.3932203093451,43.464406769781704,5.441762548803844,14.488135589927234,3.856800048082688,1,0
151,QS11,944328-88-5,ARFGAP1,Other,none,944328-88-5,4263900,,7.198742109068696,10.24,3.356143810225275,931,42,4.3948984629400005,21.037603481974564,7.012534493991521,2.8099359622188445,2.337511497997174,1.2249734614976884,6.519092466675,91.7154237535398,30.5718079178466,4.934129965953844,10.190602639282199,3.349167465232687,247,8
152,CP466722,"CP-466722, CP 466722, 1080622-86-1",ATM,Genome integrity,S2245,1080622-86-1,44551660,,6.674181403747312,16.0,4.0,983,40,3.50472316517,11.350808564814356,3.7836028549381187,1.919760664448844,1.2612009516460396,0.334798163727688,4.239019522914999,18.883045021802147,6.294348340600716,2.654057022193843,2.098116113533572,1.0690945214726868,608,15
153,Midostaurin,"PKC412, benzoylstaurosporine, CGP-41251","PKC, PPK, FLT1, c-FGR, others",Other,S8064,120685-11-2,9829523,,6.644286786519586,0.512,-0.965784284662087,941,42,-0.65302625798,0.635944928658692,0.21198164288623067,-2.237988758701156,0.07066054762874356,-3.8229512594223123,-0.7188546914005001,0.6075795884364402,0.20252652947881342,-2.3038171921216564,0.06750884315960447,-3.8887796928428124,377,15
154,CHIR-99021,"CT 99021, CHIR99021, CHIR 99021","GSK3A, GSK3B",WNT signaling,S1263,252917-06-9,9956119,,7.326238993704688,2.56,1.3561438102252754,938,42,6.75274671516,107.83985975250928,35.94661991750309,5.167784214438844,11.982206639167698,3.5828217137176877,7.853969409599999,231.35579240913432,77.11859746971145,6.2690069088788425,25.70619915657048,4.684044408157686,42,1
155,Ponatinib,"AP24534, AP-24534, KIN001-192, Iclusig","ABL, PDGFRA, VEGFR2, FGFR1, SRC, TIE2, FLT3",RTK signaling,S1490,943319-70-8,24826799,,7.059775038091115,0.512,-0.965784284662087,940,42,0.255137291916,1.1934493104467117,0.39781643681557055,-1.3298252088051563,0.1326054789385235,-2.9147877095263124,0.8939121832199999,1.858208236010435,0.6194027453368117,-0.6910503175011562,0.20646758177893723,-2.2760128182223123,228,4
156,AZD6482,"AZD 6482, AZD-6482, AK-55409",PI3Kbeta,PI3K/MTOR signaling,S1462,1173900-33-8,44137675,,7.2985098554071755,5.12,2.356143810225275,936,41,4.12078502541,17.397221717377924,5.799073905792642,2.535822524688844,1.9330246352642138,0.9508600239676875,3.84647268161,14.3847942579275,4.794931419309166,2.2615101808888434,1.5983104731030555,0.6765476801676875,184,9
157,JNK-9L,"KIN001-204, JNK inhibitor 9l","JNK2, JNK3",JNK and p38 signaling,none,none,25222038,,5.791716805278507,5.12,2.356143810225275,940,42,-0.710785697362,0.6109873021477069,0.20366243404923565,-2.295748198083156,0.06788747801641187,-3.8807106988043127,-0.922247209894,0.5276864305025891,0.17589547683419637,-2.5072097106151565,0.05863182561139879,-4.092172211336313,888,40
158,PF-562271,PF-00562271,"FAK, FAK2",Cytoskeleton,S2890,717907-75-0,11713159,,7.018728705570142,2.56,1.3561438102252754,921,42,2.31491915057,4.975767760596282,1.658589253532094,0.7299566498488441,0.552863084510698,-0.8550058508723122,2.116630818225,4.336799717999405,1.4455999059998017,0.5316683175038439,0.48186663533326723,-1.0532941832173122,207,10
159,HG6-64-1,KIN001-206,BRAF,ERK MAPK signaling,none,1315329-43-1,53302361,,6.708242137755348,5.12,2.356143810225275,936,42,1.21203560607,2.316642787000008,0.772214262333336,-0.3729268946511563,0.257404754111112,-1.9578893953723124,1.0967306859175001,2.138694899137577,0.7128982997125256,-0.48823181480365624,0.23763276657084187,-2.0731943155248125,655,36
163,JQ1,"JQ-1, (+)-JQ-1","BRD2, BRD3, BRD4, BRDT",Chromatin other,S7110,1268524-70-4,46907787,,6.52961893262434,2.56,1.3561438102252754,940,42,0.409593220928,1.328311233621919,0.4427704112073063,-1.175369279793156,0.1475901370691021,-2.7603317805143126,0.4802450164835,1.3949805592483067,0.46499351974943554,-1.1047174842376564,0.15499783991647853,-2.689679984958812,590,25
164,JQ12,-,"HDAC1, HDAC2",Chromatin histone acetylation,none,none,none,,6.936995928463916,5.12,2.356143810225275,934,42,2.01729007419,4.0482266753660445,1.3494088917886815,0.43232757346884365,0.4498029639295605,-1.1526349272523126,2.47240367683,5.549676500163883,1.8498921667212942,0.8874411761088438,0.6166307222404314,-0.6975213246123124,509,21
165,DMOG,Dimethyloxalylglcine,HIF-PH,Metabolism,S7483,89464-63-1,560326,,6.908438162789465,4000.0,11.965784284662087,937,42,9.09820285206,548.0648695688337,182.68828985627792,7.513240351338844,60.8960966187593,5.928277850617688,9.177394773020001,578.9900611052841,192.9966870350947,7.592432272298845,64.33222901169823,6.007469771577689,865,37
166,FTI-277,-,Farnesyl-transferase (FNTA),Other,S7465,180977-34-8,3005532,1217447-06-7 (free base),7.2740474262469625,1.024,0.03421571533791298,940,42,5.7157308296850005,52.55407867480051,17.518026224933504,4.130768328963844,5.839342074977834,2.545805828242688,4.738066169805,26.687017385424166,8.895672461808056,3.153103669083844,2.9652241539360187,1.5681411683626878,14,1
167,OSU-03012,"AR-12, OSU 03012, OSU03012, PDK1 inhibitor AR-12",PDK1 (PDPK1),"Other, kinases",S1106,742112-33-0,10027278,,6.683194754231602,16.0,4.0,930,42,2.5266433318350003,5.762294244501862,1.9207647481672874,0.9416808311138442,0.6402549160557625,-0.643281669607312,2.44690859438,5.452464963376722,1.8174883211255741,0.8619460936588439,0.6058294403751914,-0.7230164070623123,813,39
17,Cyclopamine,-,SMO,Other,S1146,4449-51-8,several,,6.74140901721764,16.0,4.0,422,4,7.589114654915,192.5533823128618,64.18446077095393,6.004152154193844,21.394820256984644,4.419189653472688,8.34293235691,324.6929741153629,108.23099137178764,6.7579698561888435,36.07699712392921,5.173007355467687,32,0
170,Shikonin,Anchusin,not defined,Other,S8279,517-89-5,5208,,6.06057002134299,16.0,4.0,937,41,-0.0034006848677,0.9976456008277066,0.33254853360923553,-1.5883631855888563,0.11084951120307851,-3.1733256863100125,-0.135948230111,0.9100714806388557,0.3033571602129519,-1.7209107308321563,0.1011190534043173,-3.3058732315533126,905,39
171,AKT inhibitor VIII,Akti-1/2,"AKT1, AKT2, AKT3",PI3K/MTOR signaling,S7776,612847-09-3,10196499,,7.305522231192143,2.56,1.3561438102252754,937,42,4.19133211925,18.269080509724713,6.089693503241571,2.606369618528844,2.029897834413857,1.021407117807688,3.571639836975,11.889695290219958,3.9632317634066525,1.9866773362538441,1.3210772544688842,0.40171483553268794,70,3
172,Embelin,"Emberine, Embelic acid",XIAP,Apoptosis regulation,S7025,550-24-3,3218,,6.928499319808891,32.0,5.0,932,42,3.792406293835,13.855686557123835,4.618562185707945,2.207443793113844,1.539520728569315,0.6224812923926878,3.7222413635400002,13.197944615238816,4.399314871746272,2.137278862818844,1.4664382905820907,0.552316362097688,735,37
173,FH535,-,"PPARgamma, PPARdelta",WNT signaling,S7484,108409-83-2,3463933,,6.9627897331576465,32.0,5.0,928,42,2.690900349195,6.457162567145729,2.15238752238191,1.105937848473844,0.7174625074606366,-0.4790246522473123,2.60784952189,6.095943460095739,2.0319811533652463,1.0228870211688437,0.6773270511217488,-0.5620754795523123,793,32
175,PAC-1,GTPL5238,"Procaspase-3, Procaspase-7",Apoptosis regulation,S2738,315183-21-2,6753378,,7.198887102938958,2.56,1.3561438102252754,919,41,3.07943719232,8.452846153598474,2.8176153845328247,1.4944746915988438,0.9392051281776082,-0.0904878091223125,6.2357862743400005,75.36309316682973,25.121031055609908,4.6508237736188445,8.373677018536636,3.065861272897688,241,3
176,IPA-3,IPA 3,PAK1,Cytoskeleton,S7093,42521-82-4,521106,,7.215319651629084,32.0,5.0,930,42,4.88847581558,29.619508903437566,9.873169634479188,3.303513314858843,3.291056544826396,1.7185508141376873,5.18613006653,36.40664939449374,12.13554979816458,3.6011675658088436,4.04518326605486,2.016205065087687,479,20
177,GSK650394,"GSK-650394, GSK 650394","SGK2, SGK3",Other,S7209,890842-28-1,25022668,,7.35958615556037,16.0,4.0,922,42,5.45131252358,43.75307543852016,14.58435847950672,3.866350022858844,4.861452826502241,2.2813875221376883,5.47577666446,44.50133355923312,14.833777853077706,3.8908141637388436,4.944592617692568,2.305851663017687,284,14
178,BAY-61-3606,"Syk Inhibitor, BAY-613606",SYK,"Other, kinases",S7006,648903-57-5,10200390,,6.851989043346023,8.0,3.0,928,42,3.095790100025,8.549204002037063,2.849734667345688,1.5108275993038438,0.9499115557818959,-0.07413490141731241,3.5826554485999997,11.980825814983163,3.9936086049943875,1.9976929478788434,1.3312028683314625,0.41273044715768725,447,16
179,5-Fluorouracil,5-FU,Antimetabolite (DNA & RNA),Other,S1209,51-21-8,3385,,7.236124940937956,32.0,5.0,971,39,5.7840859584,55.10403115449142,18.368010384830473,4.199123457678844,6.122670128276825,2.614160956957688,7.88310043885,236.07483288507186,78.69161096169061,6.298137938128844,26.230536987230206,4.7131754374076875,380,8
180,Thapsigargin,Octanoic acid,SERCA,Other,none,67526-95-8,446378,,4.802850367939539,0.512,-0.965784284662087,914,42,-6.456996329184999,0.011382834539947085,0.003794278179982362,-8.041958829906156,0.0012647593933274538,-9.626921330627312,-5.916012843115,0.016561614805633163,0.005520538268544387,-7.500975343836156,0.0018401794228481293,-9.085937844557312,783,33
182,Obatoclax Mesylate,"GX15-070MS, Obatoclax, GX15-070","BCL2, BCL-XL, BCL-W, MCL1",Apoptosis regulation,S1057,803712-79-0,11404337,,5.819168885559629,16.0,4.0,923,42,-1.5916043055000002,0.33180227758302083,0.11060075919434027,-3.1765668062211563,0.03686691973144676,-4.761529306942313,-2.958664843935,0.12863321811796155,0.04287773937265385,-4.543627344656156,0.014292579790884616,-6.128589845377312,894,41
184,BMS-754807,"BMS754807, BMS 754807","IGF1R, IR",IGFR signaling,S1124,1001350-96-4,24785538,,6.784087411183351,2.56,1.3561438102252754,927,42,1.16422175991,2.2411228899699274,0.7470409633233092,-0.42074074081115614,0.24901365444110304,-2.0057032415323124,0.684737938401,1.6074099733509546,0.5358033244503182,-0.9002245623201564,0.17860110815010607,-2.4851870630413124,507,25
185,Linsitinib,"OSI-906, ASP-7487",IGF1R,IGFR signaling,S1091,867160-71-2,11640390,,7.385529310281719,2.56,1.3561438102252754,927,42,5.1132309326,34.61273245786364,11.537577485954548,3.5282684318788435,3.8458591619848495,1.9433059311576875,6.572836645095,95.19650118168276,31.732167060560922,4.987874144373844,10.577389020186974,3.402911643652688,127,3
186,Bexarotene,"LG-100069, Targretin, Targret, Targrexin, Targretyn, Bexarotenum",Retinioic X receptor (RXR) agonist,Other,S2098,153559-49-0,82146,,7.321508185234709,8.0,3.0,919,42,5.67452179411,51.074164517367485,17.024721505789163,4.089559293388844,5.674907168596388,2.504596792667688,5.56772216343,47.42980932386878,15.809936441289594,3.982759662708844,5.269978813763198,2.397797161987688,94,1
190,Bleomycin,-,dsDNA break induction,DNA replication,S1214,9041-93-4,several,,7.22117518914948,64.0,6.0,923,41,2.16531642224,4.485648028780615,1.4952160095935383,0.5803539215188439,0.4984053365311794,-1.0046085792023123,2.8457377169,7.1887339765565255,2.3962446588521753,1.260775216178844,0.7987482196173917,-0.3241872845423123,738,31
192,LFM-A13,DDE-28,BTK,"Other, kinases",S7734,244240-24-2,54676905,,7.1471980222377,16.0,4.0,930,42,7.898459950094999,238.60160709814105,79.53386903271368,6.313497449373843,26.511289677571227,4.728534948652687,8.244358812315,303.24894422377804,101.08298140792601,6.659396311593843,33.694327135975335,5.074433810872687,14,0
193,GW-2580,"GX2580, CFMS receptor tyrosine kinase inhibitor",CSF1R,RTK signaling,S8042,870483-87-7,11617559,,6.945983808104769,20.0,4.321928094887363,980,40,8.49874301334,361.7233734627058,120.57445782090194,6.913780512618844,40.191485940300645,5.328818011897688,9.118093879829999,555.6735963190606,185.22453210635354,7.533131379108843,61.74151070211784,5.948168878387687,5,0
194,Luminespib,"AUY922, VER-52296,NVP-AUY922,  AUY",HSP90,Protein stability and degradation,S1069,747412-49-3,10096043,,4.932625451232251,0.256,-1.965784284662087,921,41,-4.77037548572,0.03664155433976783,0.012213851446589277,-6.355337986441156,0.004071283815529759,-7.940300487162312,-4.96833338267,0.03194350911845979,0.01064783637281993,-6.553295883391156,0.003549278790939977,-8.138258384112312,761,38
196,Phenformin,DBI,Biguanide agent,Other,S2542,834-28-6,8249,114-86-3 (free base),6.177145734659244,4000.0,11.965784284662087,969,40,11.391660316500001,2686.7759717484278,895.5919905828092,9.806697815778845,298.5306635276031,8.221735315057689,12.934788589,7829.956564130806,2609.9855213769356,11.349826088278844,869.9951737923118,9.764863587557688,561,15
197,Bryostatin 1,Bryostatin,PKC,"Other, kinases",none,83314-01-6,5280757,,7.140152529158441,0.008,-6.965784284662087,926,42,4.5150949403050005,22.86541090427047,7.621803634756823,2.9301324395838444,2.540601211585608,1.345169938862688,5.135561865654999,35.152657774866405,11.717552591622136,3.550599364933843,3.9058508638740452,1.965636864212687,23,1
199,Pazopanib,Votrient,"CSF1R, KIT,  PDGFRA, PDGFRB",RTK signaling,S3012,444731-52-6,10113978,,7.377005143708131,8.0,3.0,928,42,5.65168570769,50.27208805767118,16.757362685890396,4.0667232069688435,5.585787561963465,2.4817607062476874,7.21255562322,148.31858993575668,49.43952997858556,5.627593122498844,16.479843326195187,4.042630621777688,141,1
200,Dacinostat,"NVP-LAQ824, LAQ824",HDAC1,Chromatin histone acetylation,S1095,404951-53-7,6445533,,4.54432741170285,1.024,0.03421571533791298,932,42,-4.3096381226750005,0.050427757373688806,0.01680925245789627,-5.8946006233961565,0.00560308415263209,-7.479563124117313,-3.958437374785,0.06432675063249152,0.021442250210830505,-5.543399875506156,0.007147416736943502,-7.1283623762273125,906,42
201,Epothilone B,"Patupilone, EpoB, EPO906, GNF-PF-193",Microtubule stabiliser,Mitosis,S1364,152044-54-7,448013,,4.084427891556038,0.032,-4.965784284662087,931,42,-7.27394136758,0.006461382657011546,0.0021537942190038486,-8.858903868301157,0.0007179314063346162,-10.443866369022313,-8.520805501009999,0.002722588194181699,0.0009075293980605664,-10.105768001731155,0.00030250979935352214,-11.690730502452311,699,31
202,GSK1904529A,"GSK-1904529A, GSK 1904529A","IGF1R, IR",IGFR signaling,S1093,1089283-49-7,25124816,,7.197881337686242,1.024,0.03421571533791298,931,42,6.1239382062,69.74114795100368,23.247049317001228,4.538975705478844,7.7490164390004095,2.9540132047576875,6.41321329205,85.22550229121518,28.40850076373839,4.828250791328844,9.469500254579465,3.243288290607688,8,1
203,BMS-345541,"BMS345541, IKK Inhibitor 3","IKK1, IKK2","Other, kinases",S8044,445430-58-0,9813758,,6.762429650022328,16.0,4.0,983,40,3.68419750133,12.854463571464608,4.284821190488203,2.099235000608844,1.4282737301627342,0.5142724998876875,3.75321355932,13.484345185516982,4.494781728505661,2.1682510585988437,1.4982605761685537,0.5832885578776876,688,26
204,Tipifarnib,Zarnestra,Farnesyl-transferase (FNTA),Other,S1453,192185-72-1,159324,,7.060463118258853,16.0,4.0,928,42,2.8354082516,7.137447613446195,2.379149204482065,1.2504457508788438,0.793049734827355,-0.3345167498423124,2.7410907188299998,6.685756068535588,2.2285853561785296,1.1561282181088437,0.7428617853928432,-0.4288342826123125,643,31
205,Avagacestat,"BMS-708163, BMS 708163","Amyloid beta20, Amyloid beta40",Other,S1262,1146699-66-2,46883536,,7.020191718508866,2.56,1.3561438102252754,980,40,8.230594863690001,300.3695722851825,100.12319076172751,6.645632362968845,33.37439692057583,5.060669862247689,8.66338555971,405.4515056114334,135.1505018704778,7.078423058988843,45.050167290159266,5.493460558267687,0,0
206,Ruxolitinib,"INCB-18424, Ruxolitinib Phosphate, Jakafi","JAK1, JAK2","Other, kinases",S1378,941678-49-5,25126798,,7.07176959012759,1.024,0.03421571533791298,982,40,7.680568962219999,205.1547805370729,68.38492684569097,6.095606461498843,22.79497561523032,4.510643960777687,8.24895179847,304.2159106416363,101.4053035472121,6.663989297748843,33.8017678490707,5.079026797027687,7,0
207,AS601245,-,"JNK1, JNK2, JNK2",JNK and p38 signaling,none,345987-15-7,10109823,,6.830329592932921,8.0,3.0,928,42,2.62930276772,6.187269039716139,2.062423013238713,1.0443402669988437,0.6874743377462377,-0.5406222337223124,2.8122415628799997,7.023750329550811,2.3412501098502703,1.2272790621588434,0.7804167032834235,-0.35768343856231255,607,28
208,Ispinesib Mesylate,SB-715992,KSP,Mitosis,S1452,336113-53-2,6450816,,6.285460179336477,0.128,-2.965784284662087,982,40,-2.260765481005,0.20866123670570483,0.06955374556856828,-3.845727981726156,0.023184581856189424,-5.430690482447313,-1.326265420615,0.3987992438444183,0.13293308128147277,-2.911227921336156,0.04431102709382426,-4.496190422057312,423,12
211,TL-2-105,-,not defined,ERK MAPK signaling,none,none,none,,7.234218118104701,5.12,2.356143810225275,983,40,6.10230498838,68.70318077262515,22.901060257541715,4.517342487658844,7.633686752513905,2.932379986937688,8.426211752370001,343.98736221668025,114.66245407222675,6.841249251648845,38.220818024075584,5.256286750927689,51,0
219,AT-7519,AT7519,"CDK1, CDK2, CDK4, CDK6, CDK9",Cell cycle,S1524,844442-38-2,11338033,,6.750766315336634,10.24,3.356143810225275,979,40,1.85444897594,3.616136096633828,1.2053786988779427,0.26948647521884395,0.4017928996259809,-1.3154760255023121,0.7269750998194999,1.6551650646051503,0.5517216882017167,-0.8579874009016564,0.18390722940057225,-2.4429499016228124,697,28
221,TAK-715,"KIN001-201, TAK 715","p38alpha, p38beta",JNK and p38 signaling,S2928,303162-79-0,9952773,,7.101416440408921,10.24,3.356143810225275,983,40,5.37824296681,41.59225403345252,13.864084677817507,3.793280466088844,4.621361559272502,2.208317965367688,6.720249756815,105.43790185352739,35.14596728450913,5.135287256093844,11.71532242816971,3.5503247553726873,38,0
222,BX-912,-,PDK1 (PDPK1),PI3K/MTOR signaling,S1275,702674-56-4,11754511,,7.134790061810347,10.24,3.356143810225275,981,40,4.06468601306,16.73371672825125,5.57790557608375,2.479723512338844,1.8593018586945833,0.8947610116176881,4.89608295947,29.776101216071158,9.92536707202372,3.311120458748844,3.308455690674573,1.7261579580276878,338,4
223,ZSTK474,"KIN001-167, ZSTK-474, ZSTK 474",PI3K (class 1),PI3K/MTOR signaling,S1072,475110-96-4,11647372,,6.855378188326326,5.12,2.356143810225275,982,40,1.989374850355,3.970649044437757,1.3235496814792522,0.40441234963384365,0.4411832271597508,-1.1805501510873124,2.620431632635,6.149340239976017,2.0497800799920056,1.0354691319138436,0.6832600266640019,-0.5494933688073126,536,18
224,AS605240,"KIN001-173, AS-605240",PI3Kgamma,PI3K/MTOR signaling,S1410,648450-29-7,5289247,,7.25031247564522,10.24,3.356143810225275,978,40,4.42639492675,21.501939997861925,7.167313332620641,2.8414324260288435,2.3891044442068807,1.2564699253076874,5.01363464949,32.30385980356606,10.767953267855354,3.428672148768844,3.5893177559517846,1.8437096480476878,233,8
225,Genentech Cpd 10,-,"AURKA, AURKB",Mitosis,none,none,none,,7.113298826876065,10.24,3.356143810225275,983,40,3.3462474831200004,10.16999794891433,3.389999316304777,1.7612849823988441,1.1299997721015922,0.17632248167768785,3.0983239293700002,8.564232304877498,2.854744101625833,1.5133614286488442,0.9515813672086109,-0.0716010720723121,494,23
226,GSK1070916,GSK-1070916,"AURKA, AURKC",Mitosis,S2740,942918-07-2,46885626,,7.406841823526568,2.56,1.3561438102252754,952,36,5.51966552126,45.875930690271986,15.291976896757328,3.9347030205388442,5.097325632252443,2.349740519817688,7.290410200069999,156.54245878170863,52.180819593902875,5.705447699348843,17.39360653130096,4.120485198627687,168,1
228,AKT inhibitor VIII,"Akti-1/2, KIN001-102","AKT1, AKT2, AKT3",PI3K/MTOR signaling,S7776,612847-09-3,10196499,,7.0167167500536145,10.24,3.356143810225275,982,40,3.70442762253,13.035984372058042,4.345328124019347,2.119465121808844,1.448442708006449,0.5345026210876875,4.570187519085,23.75546462490991,7.918488208303303,2.9852250183638436,2.6394960694344345,1.4002625176426873,412,7
229,Enzastaurin,LY317615,PKCB,"Other, kinases",S1055,170364-57-5,176167,,7.3770978407019605,10.24,3.356143810225275,981,40,5.28912004335,39.10063259228052,13.03354419742684,3.7041575426288436,4.344514732475613,2.119195041907687,6.970866346700001,125.44110358498249,41.81370119499416,5.385903845978845,13.937900398331386,3.8009413452576886,246,3
230,GSK429286A,-,"ROCK1, ROCK2",Cytoskeleton,S1474,864082-47-3,11373846,,7.095135731742142,10.24,3.356143810225275,983,40,7.9666353176100015,250.14751627709364,83.38250542569789,6.3816728168888455,27.794168475232627,4.796710316167689,8.48840199916,359.13986660228636,119.71328886742879,6.9034394984388445,39.904429622476265,5.3184769977176884,30,0
231,FMK,KIN001-242,RSK,"Other, kinases",none,821794-92-7,none,Not sure of CAS number,6.909848080480766,10.24,3.356143810225275,839,35,8.18807201953,291.6455031881221,97.21516772937404,6.603109518808845,32.40505590979134,5.018147018087689,8.55515138429,376.14663771470777,125.38221257156926,6.970188883568843,41.79407085718975,5.385226382847687,3,0
235,QL-XII-47,-,"BTK, BMX","Other, kinases",none,none,none,,6.7618103017718685,10.24,3.356143810225275,980,40,1.7714163624700001,3.413889500411881,1.1379631668039603,0.1864538617488439,0.3793210556013201,-1.398508638972312,2.073696208805,4.209638093546358,1.403212697848786,0.48873370808384353,0.46773756594959537,-1.0962287926373124,743,30
238,Idelalisib,"CAL-101, Zydelig",PI3Kdelta,PI3K/MTOR signaling,S2226,870281-82-6,11625818,,7.1233239543966596,10.24,3.356143810225275,982,40,6.77465161025,109.48971992880843,36.49657330960281,5.189689109528844,12.16552443653427,3.604726608807688,7.3992988274750005,168.81494591366635,56.27164863788878,5.814336326753844,18.757216212629594,4.229373826032688,58,1
245,UNC0638,"UNC-0638, UNC 0683",G9a and GLP methyltransferases,Chromatin histone methylation,S8071,1255580-76-7,46224516,1255517-77-1,6.923056953856695,40.0,5.321928094887363,972,40,4.07422185387,16.844688608350662,5.614896202783554,2.489259353148844,1.871632067594518,0.9042968524276878,5.039261974655,32.882816609829064,10.960938869943021,3.454299473933844,3.653646289981007,1.8693369732126877,774,21
249,Cabozantinib,"BMS-907351, XL-184, Cometriq","VEGFR, MET, RET, KIT, FLT1, FLT3, FLT4, TIE2,AXL","Other, kinases",S1119,849217-68-1,25102847,,7.030899117724028,5.12,2.356143810225275,978,40,3.18748305271,9.110202060188549,3.0367340200628496,1.6025205519888441,1.0122446733542831,0.01755805126768785,3.1820973595549997,9.076256365452958,3.0254187884843193,1.5971348588338437,1.008472929494773,0.01217235811268727,237,9
252,WZ3105,-,"SRC, ROCK2, NTRK2, FLT3, IRAK1, others",Other,none,none,none,,6.380053841870249,1.28,0.35614381022527536,979,40,-0.13346249677799998,0.9116408663563766,0.30388028878545886,-1.7184249974991563,0.10129342959515296,-3.3033874982203124,0.0441773452579,1.0310950597729072,0.3436983532576357,-1.5407851554632563,0.11456611775254524,-3.125747656184412,601,26
253,XMD14-99,-,"ALK, CDK7, LTK, others",Other,none,none,none,,7.06168882515451,10.24,3.356143810225275,980,40,7.43920996418,173.5502898212834,57.850096607094464,5.854247463458844,19.283365535698156,4.269284962737688,7.92547090128,243.11092236615238,81.0369741220508,6.340508400558844,27.012324707350263,4.755545899837688,56,0
254,Quizartinib,"AC220, AC 220, AC-220, Asp-2689",FLT3,RTK signaling,S1526,950769-58-1,24889392,,7.243007049833785,1.024,0.03421571533791298,979,40,5.930367401130002,60.98436036112502,20.328120120375008,4.3454049004088455,6.776040040125002,2.760442399687689,6.553373996585,93.9208784198321,31.30695947327737,4.968411495863844,10.435653157759123,3.383448995142688,24,0
255,CP724714,CP-724714,ERBB2,EGFR signaling,S1167,383432-38-0,9874913,,7.233524415348794,10.24,3.356143810225275,980,40,6.67815237204,102.40571156268105,34.13523718756035,5.0931898713188435,11.37841239585345,3.5082273705976874,6.84168386741,114.69700164841122,38.23233388280374,5.2567213666888435,12.744111294267913,3.6717588659676874,36,0
256,JW-7-24-1,-,LCK,"Other, kinases",none,none,none,,6.690859781820409,10.24,3.356143810225275,980,40,2.69064655547,6.456026746228578,2.152008915409526,1.1056840547488436,0.7173363051365087,-0.4792784459723125,2.9177863936049997,7.5568573717740755,2.5189524572580253,1.3328238928838436,0.8396508190860084,-0.25213860783731273,700,24
257,NPK76-II-72-1,-,PLK3,Cell cycle,none,none,none,,7.014463460727245,10.24,3.356143810225275,978,40,3.6308969438250003,12.38821948515829,4.129406495052764,2.045934443103844,1.3764688316842544,0.4609719423826879,4.250384237805,19.032382123199355,6.344127374399785,2.665421737083844,2.114709124799928,1.0804592363626875,424,9
258,STF-62247,STF62247,Autophagy inducer,Other,S1041,315702-99-9,704473,,7.087779677084097,10.24,3.356143810225275,975,40,7.5554885500300015,188.1172777595189,62.70575925317297,5.9705260493088455,20.901919751057658,4.385563548587689,8.256735119435,305.8615867283141,101.95386224277136,6.6717726187138435,33.984620747590455,5.0868101179926875,31,0
260,NG-25,NG25,"TAK1, MAP4K2","Other, kinases",none,1315355-93-1,53340664,,7.06201922320579,10.24,3.356143810225275,977,40,3.37867260983,10.401160573622565,3.467053524540855,1.793710109108844,1.1556845081802851,0.20874760838768794,3.5491958493,11.706158796810453,3.9020529322701507,1.964233348578844,1.300684310756717,0.3792708478576878,482,16
261,TL-1-85,-,TAK,"Other, kinases",none,none,none,,7.051408811334175,10.24,3.356143810225275,978,40,4.0032272390650006,16.035831288030465,5.345277096010155,2.4182647383438445,1.781759032003385,0.8333022376226882,4.46074965008,22.020108159030453,7.340036053010151,2.8757871493588443,2.446678684336717,1.290824648637688,341,5
262,VX-11e,"VX11e, VX11e",ERK2,ERK MAPK signaling,S7709,896720-20-0,11634725,,7.372612901474241,5.12,2.356143810225275,977,40,5.28798009175,39.069749264651136,13.023249754883713,3.7030175910288436,4.341083251627904,2.118055090307687,6.247180432125001,75.96065455261797,25.320218184205988,4.662217931403845,8.440072728068664,3.0772554306826887,169,1
263,FR-180204,"FR 180204, FR180204, ERK Inhibitor II","ERK1, ERK2",ERK MAPK signaling,S7524,865362-74-9,11493598,,7.146371918543629,20.0,4.321928094887363,978,40,7.331133692109999,161.02419754375282,53.67473251458427,5.746171191388843,17.891577504861424,4.161208690667687,7.253908539995001,152.63145924291248,50.87715308097083,5.668946039273845,16.959051026990277,4.083983538552689,26,0
265,Tubastatin A,-,"HDAC1, HDAC6, HDAC8",Chromatin histone acetylation,S8049,1252003-15-8,53394750,,7.050108069337548,20.0,4.321928094887363,974,40,6.511159478834999,91.21248958708165,30.404163195693883,4.926196978113843,10.134721065231295,3.341234477392687,7.955640621785,248.24840217210937,82.74946739070312,6.370678121063844,27.58315579690104,4.785715620342688,206,2
266,Zibotentan,"ZD4054, ZD-4054",Endothelin-1 receptor (EDNRA),Other,S1456,186497-07-4,9910224,,6.740387585439024,20.0,4.321928094887363,977,40,8.950852969660001,494.8518869575732,164.95062898585772,7.365890468938845,54.98354299528591,5.780927968217689,9.34207021266,648.9979957575548,216.33266525251827,7.757107711938843,72.11088841750609,6.172145211217687,1,0
268,Sepantronium bromide,"YM155, YM-155, YM 155",BIRC5,Apoptosis regulation,S1130,781661-94-7,11178236,,4.678001426915452,5.12,2.356143810225275,945,37,-6.424816195830001,0.01163958800859973,0.003879862669533243,-8.009778696551157,0.001293287556511081,-9.594741197272313,-6.52500492711,0.010858699007691378,0.003619566335897126,-8.109967427831156,0.0012065221119657086,-9.694929928552313,891,36
269,NSC-207895,"XI-006, NSC207895",MDM4,p53 pathway,S2678,58131-57-0,42640,,7.304543875427511,20.0,4.321928094887363,971,40,4.6370421553500005,24.882200192075583,8.294066730691862,3.0520796546288445,2.7646889102306202,1.467117153907688,4.71475114545,26.25920156727423,8.753067189091409,3.1297886447288437,2.91768906303047,1.5448261440076878,409,13
271,VNLG/124,HDAC inhibitor XV,"HDAC,RAR",Chromatin histone acetylation,none,none,24894414,,7.089805041171666,5.12,2.356143810225275,974,40,7.316813675574999,159.4337969484627,53.1445989828209,5.731851174853843,17.71486632760697,4.146888674132687,7.442130965244999,173.9020302173477,57.967343405782565,5.857168464523843,19.32244780192752,4.272205963802687,14,0
272,AR-42,"HDAC-42, AR 42, AR42",HDAC1,Chromatin histone acetylation,S2244,935881-37-1,6918848,,5.986138347208289,5.12,2.356143810225275,968,40,-0.764606597076,0.5886138535597552,0.19620461785325172,-2.3495690977971564,0.06540153928441723,-3.9345315985183125,-0.120002791153,0.9201858703581075,0.3067286234527025,-1.704965291874156,0.10224287448423416,-3.2899277925953125,844,35
273,CUDC-101,CUDC 101,"HDAC1-10, EGFR, ERBB2",Other,S1194,1012054-59-9,24756910,,6.0126747754376675,5.12,2.356143810225275,960,39,-0.7414357819805,0.5981437783866057,0.1993812594622019,-2.3263982827016565,0.06646041982073397,-3.911360783422812,-1.283086083,0.410915574327874,0.13697185810929133,-2.8680485837211562,0.04565728603643045,-4.453011084442312,838,36
274,Belinostat,"PXD101, PXD-101",HDAC1,Chromatin histone acetylation,S1085,414864-00-9,6918638,,6.219909124635691,20.0,4.321928094887363,951,39,-0.111705004583,0.9254936492291678,0.30849788307638926,-1.696667505304156,0.10283262769212975,-3.281630006025312,0.322483806898,1.2504815805108165,0.4168271935036055,-1.2624786938231563,0.13894239783453516,-2.8474411945443125,864,38
275,I-BET-762,GSK525762A,"BRD2, BRD3, BRD4",Chromatin other,S7189,1260907-17-2,46943432,,7.252123356956303,20.0,4.321928094887363,975,40,6.2864668022000005,78.0575784505738,26.019192816857935,4.7015043014788445,8.673064272285977,3.116541800757688,7.3013347966649995,157.73235305469856,52.57745101823286,5.716372295943843,17.525817006077617,4.131409795222687,257,4
276,CAY10603,-,"HDAC1, HDAC6",Chromatin histone acetylation,S7596,1045792-66-2,24951314,,6.290081580199564,20.0,4.321928094887363,971,40,1.0365021636299998,2.051248336318473,0.6837494454394909,-0.5484603370911565,0.22791648181316365,-2.133422837812313,1.433741872425,2.7014647786673183,0.9004882595557727,-0.15122062829615635,0.3001627531852576,-1.7361831290173124,882,36
277,Linifanib,"ABT-869, ABT 869","VEGFR1, VEGFR2, VEGFR3, CSF1R, FLT3, KIT",RTK signaling,S1003,796967-16-3,11485656,,7.148110725964494,1.024,0.03421571533791298,980,40,6.184464962185,72.72930889692094,24.243102965640315,4.599502461463844,8.081034321880104,3.0145399607426877,6.666849518899999,101.6065444799854,33.86884815999513,5.081887018178843,11.289616053331711,3.496924517457687,19,0
279,BIX02189,BIX 02189,"MEK5, ERK5",ERK MAPK signaling,S1531,1094614-85-3,46931012,,7.009651144981484,20.0,4.321928094887363,978,40,5.874377889810001,58.66295702635574,19.554319008785246,4.289415389088845,6.518106336261749,2.704452888367688,6.38431322802,83.53525128233593,27.845083760778646,4.799350727298844,9.281694586926214,3.2143882265776873,149,0
281,Alectinib,"CH5424802, CH 542802, Alecensa",ALK,RTK signaling,S2762,1256580-46-7,49806720,,7.28346831035943,5.12,2.356143810225275,977,40,7.445280750810001,174.28211919702508,58.09403973234169,5.860318250088845,19.364679910780566,4.275355749367689,8.013639070555,258.4316703779216,86.14389012597387,6.4286765698338435,28.71463004199129,4.843714069112687,54,0
282,Pelitinib,"EKB-569, EKB 569",EGFR,EGFR signaling,S1392,257933-82-7,6445562,,7.2128173276336245,2.5,1.3219280948873624,979,40,3.21541001198,9.288270653965213,3.0960902179884044,1.6304475112588437,1.0320300726628016,0.04548501053768761,4.75119947032,26.93106672668613,8.97702224222871,3.1662369695988435,2.99234074740957,1.581274468877687,257,7
283,Omipalisib,"GSK2126458, GSK-2126458, EX-8678, GSK458","PI3K (class 1), MTORC1, MTORC2",PI3K/MTOR signaling,S2658,1086062-66-9,25167777,,5.59788740957693,0.128,-2.965784284662087,980,40,-3.7832054658749996,0.07263428654672924,0.024211428848909745,-5.368167966596156,0.008070476282969915,-6.953130467317312,-3.182641096445,0.11013606723655402,0.03671202241218467,-4.767603597166156,0.012237340804061558,-6.352566097887312,579,24
286,KIN001-236,-,Angiopoietin-1 receptor,Other,none,none,none,,7.084987751568335,10.24,3.356143810225275,978,40,6.6522843958,100.5859084929681,33.5286361643227,5.067321895078844,11.176212054774233,3.482359394357687,8.201647942440001,294.4028734736758,98.13429115789194,6.616685441718845,32.71143038596398,5.031722940997689,95,0
287,KIN001-244,PDK1 inhibitor 7,PDK1 (PDPK1),"Other, kinases",none,none,56965967,,6.9504775724000725,20.0,4.321928094887363,977,40,4.46281751068,22.051692909381345,7.350564303127115,2.877855009958844,2.4501881010423716,1.2928925092376875,4.513177689105,22.835044389735348,7.611681463245116,2.9282151883838443,2.5372271544150387,1.343252687662688,437,16
288,WHI-P97,"AC1L1GQE, KIN001-055",JAK3,"Other, kinases",none,211555-05-4,3796,,7.1785043711624255,10.24,3.356143810225275,978,40,5.86889705529,58.44051778001177,19.480172593337254,4.283934554568844,6.493390864445752,2.6989720538476876,5.936989940335001,61.26494613305142,20.421648711017138,4.3520274396138445,6.807216237005713,2.7670649388926885,64,4
29,AZ628,"AZ-628, AZ 628",BRAF,ERK MAPK signaling,S2746,878739-06-1,11676786,,7.310400142363926,4.0,2.0,429,4,3.6829562144,12.843408417826021,4.281136139275341,2.097993713678844,1.4270453797584468,0.5130312129576876,1.539995368755,2.907935699761174,0.9693118999203914,-0.04496713196615606,0.32310396664013047,-1.629929632687312,112,2
290,KIN001-260,"Bayer IKKb inhibitor, ACHP",IKKB,Other,none,none,10451420,,7.038815178366489,20.0,4.321928094887363,977,40,6.3322230803,80.57291692830523,26.857638976101743,4.747260579578844,8.952546325367248,3.1622980788576878,8.370296522194998,330.910330820419,110.30344360680634,6.785334021473842,36.76781453560211,5.200371520752686,149,0
291,KIN001-266,Cot inhibitor-2,MAP3K8,"Other, kinases",none,915363-56-3,44143370,,7.037041129443487,20.0,4.321928094887363,978,40,3.936110736395,15.30690539070036,5.10230179690012,2.351148235673844,1.7007672656333732,0.7661857349526874,4.4297442266000004,21.551915981878814,7.183971993959605,2.8447817258788444,2.394657331319868,1.2598192251576878,598,20
292,Masitinib,"AB1010, Masivet","KIT, PDGFRA, PDGFRB","Other, kinases",S1064,790299-79-5,10074640,,7.02919415020418,20.0,4.321928094887363,979,40,4.18765520418,18.222578423618906,6.074192807872969,2.6026927034588443,2.024730935957656,1.017730202737688,4.7085861537,26.147228935880282,8.71574297862676,3.1236236529788437,2.9052476595422534,1.5386611522576874,540,11
293,Amuvatinib,"MP470, MP 470, MP-470","KIT, PDGFRA, FLT3","Other, kinases",S1244,850879-09-3,11282283,,7.364657215002957,20.0,4.321928094887363,973,40,6.81218734503,112.37578200482687,37.45859400160896,5.227224844308844,12.48619800053632,3.6422623435876873,10.19494299885,1172.1512276246388,390.7170758748796,8.609980498128843,130.23902529162652,7.025017997407687,221,3
294,MPS-1-IN-1,-,MPS1,Mitosis,none,1125593-20-5,25195352,,7.039501033968106,20.0,4.321928094887363,976,40,4.60718042366,24.372467669159608,8.12415588971987,3.022217922938844,2.7080519632399565,1.4372554222176877,4.915074831075,30.1706700297336,10.0568900099112,3.3301123303538436,3.3522966699704,1.7451498296326873,407,12
295,NVP-BHG712,BHG712,EPHB4,Other,S2202,940310-85-0,16747388,,7.1469750900388025,10.24,3.356143810225275,978,40,3.90265986552,14.956076655002471,4.9853588850008235,2.3176973647988435,1.6617862950002746,0.7327348640776876,4.74602806303,26.834703880597644,8.944901293532547,3.1610655623088437,2.9816337645108493,1.5761030615876874,341,5
298,OSI-930,OSI 930 OSI930,KIT,RTK signaling,S1220,728033-96-3,9868037,,7.0980441505628304,10.24,3.356143810225275,979,40,6.22552123021,74.82877385643202,24.942924618810675,4.640558729488844,8.314308206270224,3.055596228767688,7.254997213664999,152.7466801019642,50.915560033988065,5.670034712943843,16.971853344662687,4.085072212222687,100,1
299,OSI-027,A-1065-5,"MTORC1, MTORC2",PI3K/MTOR signaling,S2624,936890-98-1,44224160,,7.219581397013196,20.0,4.321928094887363,974,40,2.19673370724,4.584402475457452,1.5281341584858172,0.6117712065188436,0.5093780528286058,-0.9731912942023123,5.3096835891600005,39.661946814405276,13.220648938135092,3.7247210884388444,4.406882979378364,2.139758587717688,634,17
3,Rapamycin,"AY-22989, Sirolimus, WY-090217, Torisel, Rapamune",MTORC1,PI3K/MTOR signaling,S1039,53123-88-9,5384616,,7.003432156630696,0.1,-3.321928094887362,389,4,2.3983237445500003,5.271902702998876,1.7573009009996252,0.8133612438288441,0.5857669669998751,-0.7716012568923121,7.34503422103,162.58318222652653,54.194394075508846,5.760071720308844,18.064798025169615,4.1751092195876875,89,0
30,Sorafenib,"Nexavar, 284461-73-0, BAY 43-9006","PDGFR, KIT, VEGFR, RAF",RTK signaling,S7397,284461-73-0,216239,"(S1040, 475207-59-1, tosylate)",6.96658470161014,4.0,2.0,431,4,2.16383590017,4.481047129583067,1.493682376527689,0.5788733994488439,0.4978941255092297,-1.0060891012723123,1.9854410762749999,3.959837084680539,1.3199456948935129,0.4004785755538436,0.4399818982978376,-1.1844839251673127,184,2
300,CX-5461,"CX5461, CX 5461",RNA Polymerase 1,Other,S2684,1138549-36-6,25257557,,7.334726373808035,10.24,3.356143810225275,974,40,5.656334126255,50.43432787800554,16.811442626001845,4.071371625533844,5.603814208667282,2.4864091248126883,6.24333982566,75.75870819361818,25.25290273120606,4.658377324938844,8.417634243735353,3.0734148242176875,284,9
301,PHA-793887,"PHA793887, PHA 793887","CDK2, CDK7, CDK5",Cell cycle,S1487,718630-59-2,46191454,,7.156271503838904,10.24,3.356143810225275,980,40,3.39495040637,10.519180471392977,3.5063934904643257,1.809987905648844,1.1687978301547752,0.2250254049276877,3.6065389552850005,12.18081664952785,4.060272216509284,2.0215764545638444,1.3534240721697612,0.43661395384268814,477,14
302,PI-103,"PI-103, PI103, PI 103","PI3Kalpha, DAPK3, CLK4, PIM3, HIPK2",PI3K/MTOR signaling,S1038,371935-74-9,9884685,,7.044100803488859,10.24,3.356143810225275,969,40,1.8062134668,3.49723190746955,1.1657439691565166,0.22125096607884387,0.3885813230521722,-1.3637115346423123,3.05646428969,8.319312380812788,2.773104126937596,1.471501788968844,0.924368042312532,-0.11346071175231226,624,22
303,PIK-93,"PIK 93, PIK93",PI3Kgamma,PI3K/MTOR signaling,S1489,593960-11-3,6852167,,6.98261447307346,20.0,4.321928094887363,978,40,4.15823237796,17.854704820895286,5.951568273631762,2.5732698772388436,1.9838560912105874,0.9883073765176877,4.630081568515,24.762439900348145,8.254146633449382,3.045119067793844,2.751382211149794,1.4601565670726877,531,16
304,SB52334,"SB-52334, SB 52334",ALK5,RTK signaling,S1476,356559-20-1 ,9967941,,7.240803664812956,20.0,4.321928094887363,977,40,6.071003073689999,67.22859404837003,22.409531349456675,4.486040572968843,7.469843783152225,2.9010780722476865,7.787333310045,220.91281644022297,73.63760548007433,6.202370809323844,24.545868493358107,4.617408308602688,203,2
305,TPCA-1,-,IKK2,"Other, kinases",S2824,507475-17-4,9903786,,6.995415308012399,20.0,4.321928094887363,978,40,4.600882811135,24.266309514688896,8.088769838229632,3.0159203104138443,2.696256612743211,1.4309578096926883,5.105477366895,34.427210075425656,11.475736691808551,3.5205148661738437,3.8252455639361838,1.9355523654526876,438,13
306,Fedratinib,"TG101348, TG-101348, SAR302503, SAR-302503",JAK2,"Other, kinases",S2736,936091-26-8,16722836,,6.6981941698016625,10.24,3.356143810225275,979,40,2.95792244173,7.770042241102747,2.5900140803675824,1.372959941008844,0.8633380267891941,-0.21200255971231222,3.268658146675,9.637494600039181,3.2124982000130604,1.6836956459538437,1.0708327333376868,0.09873314523268754,625,22
308,WIKI4,"WIKI-4, WIKI 4","TNKS1, TNKS2",WNT signaling,S7490,838818-26-1,2984337,,6.005700934530805,5.12,2.356143810225275,975,40,0.131585830829,1.0954972257454823,0.36516574191516077,-1.453376669892156,0.12172191397172025,-3.0383391706133125,0.13082394018835,1.0949188438226058,0.3649729479408686,-1.454138560532806,0.12165764931362287,-3.0391010612539624,890,39
309,Y-39983,-,ROCK,Cytoskeleton,S7935,173897-44-4,9810884,,7.121062983420805,20.0,4.321928094887363,978,40,6.135227363975,70.28901652646931,23.42967217548977,4.550264863253844,7.809890725163257,2.9653023625326878,6.500224966679999,90.52378271922466,30.174594239741552,4.915262465958843,10.05819807991385,3.3302999652376872,169,0
310,YM201636,"YM-201636, YM 201636",PYKFYVE,Other,S1219,371942-69-7,9956222,,6.784998843878273,5.12,2.356143810225275,978,40,2.7137353280250003,6.560179670695389,2.186726556898463,1.1287728273038442,0.7289088522994877,-0.45618967341731215,3.2134380469799995,9.275583542689473,3.091861180896491,1.6284755462588432,1.0306203936321636,0.04351304553768694,379,9
312,Tivozanib,"AV-951, AV 951, KRN-951, KIL8951, ASP-4130","VEGFR1, VEGFR2, VEGFR3",RTK signaling,S1207,475108-18-0,9911830,,6.920103005400884,0.128,-2.965784284662087,978,40,5.34911397994,40.76089939296402,13.58696646432134,3.764151479218844,4.528988821440446,2.1791889784976877,5.806145391245,55.95307023444149,18.651023411480498,4.221182890523844,6.217007803826832,2.6362203898026877,17,0
32,Tozasertib,"MK 0457,MK-0457,MK-045, VX-680 VX 680 VX-68","AURKA, AURKB, AURKC, others",Mitosis,S1048,639089-54-6,5494449,,7.251571088712207,2.0,1.0,421,4,3.18564031633,9.098573141052578,3.0328577136841925,1.6006778156088441,1.0109525712280643,0.015715314887688087,6.750611402645,107.68036556375208,35.89345518791736,5.165648901923844,11.96448506263912,3.580686401202688,135,1
326,GSK690693,"GSK 690693, GSK-690693","AKT1, AKT2, AKT3",PI3K/MTOR signaling,S1113,937174-76-0,16725726,,7.304881203310868,10.24,3.356143810225275,978,40,6.849697252424999,115.33585360387622,38.44528453462541,5.264734751703843,12.815094844875135,3.6797722509826865,7.441981638730001,173.88403137524162,57.961343791747204,5.8570191380088445,19.320447930582404,4.2720566372876885,135,0
328,SNX-2112,SNX 2112,HSP90,Protein stability and degradation,S2639,908112-43-6,24772860,,6.45582325657198,2.56,1.3561438102252754,970,40,-0.8487008127644999,0.5552845602247193,0.18509485340823975,-2.4336633134856562,0.06169828446941325,-4.018625814206812,-1.0071144598644999,0.497540385717675,0.165846795239225,-2.592076960585656,0.05528226507974167,-4.177039461306812,635,30
329,QL-XI-92,-,DDR1,Other,none,none,none,,7.070127447238181,10.24,3.356143810225275,980,40,5.124968579760001,34.89548745339868,11.631829151132893,3.540006079038845,3.8772763837109645,1.9550435783176885,7.47901372284,178.40518352472816,59.46839450824272,5.894051222118844,19.82279816941424,4.309088721397688,224,2
330,XMD13-2,-,RIPK1,Apoptosis regulation,none,none,none,,6.888263195823038,10.24,3.356143810225275,979,40,4.14697139244,17.715882055619208,5.905294018539736,2.562008891718844,1.9684313395132453,0.9770463909976879,4.667778398305,25.41799623315052,8.472665411050174,3.082815897583844,2.8242218036833915,1.4978533968626875,295,10
331,QL-X-138,-,BTK,"Other, kinases",none,none,none,,6.612614330319197,10.24,3.356143810225275,966,40,2.138926975525,4.404343453378951,1.4681144844596503,0.5539644748038438,0.48937149481988346,-1.0309980259173124,2.93578250882,7.651711656247649,2.5505705520825495,1.3508200080988437,0.8501901840275166,-0.23414249262231238,701,28
332,XMD15-27,-,CAMK2,"Other, kinases",none,none,none,,7.112616406159474,10.24,3.356143810225275,980,40,7.588412605675,192.45970411624958,64.15323470541652,6.003450104953844,21.384411568472174,4.418487604232688,8.303860633425,316.0174981105043,105.33916603683475,6.718898132703844,35.113055345611585,5.133935631982688,40,0
333,T0901317,"TO-901317, TO901317","LXR, FXR",Other,S7076,293754-55-9,447912,,7.091531352709297,10.24,3.356143810225275,972,40,6.97577508775,125.86864136539505,41.956213788465014,5.390812587028844,13.985404596155005,3.805850086307687,6.9399288042350005,122.7797480486869,40.926582682895635,5.354966303513844,13.642194227631878,3.770003802792688,31,1
34,Imatinib,"Gleevec, STI-571","ABL, KIT, PDGFR",RTK signaling,S2475,152459-95-5,5291,,6.893098562028924,2.0,1.0,436,4,6.665207097690001,101.49093738131754,33.83031246043918,5.080244596968845,11.276770820146393,3.495282096247688,4.36859241704,20.65748073262716,6.88582691087572,2.7836299163188443,2.295275636958573,1.1986674155976877,15,0
341,Selisistat,"EX-527, EX 527",SIRT1,Chromatin histone acetylation,S1541,49843-98-3,5113032,,6.958554386285729,20.0,4.321928094887363,974,40,8.390340632125,335.539925762702,111.84664192090067,6.8053781314038435,37.28221397363356,5.220415630682687,8.808598976795,448.38648284974323,149.46216094991442,7.223636476073844,49.82072031663814,5.638673975352688,6,0
344,THZ-2-49,-,CDK9,Cell cycle,none,none,none,,7.344173419352198,20.0,4.321928094887363,975,40,3.6917056295,12.921535635717945,4.3071785452393145,2.1067431287788434,1.4357261817464382,0.5217806280576873,7.311672886155,158.86669370869942,52.95556456956647,5.726710385433844,17.651854856522156,4.141747884712688,596,7
345,KIN001-270,"CDK9 inhibitor, CDK9-IN-1",CDK9,Cell cycle,none,1415559-43-1,66577006,,6.996967690301225,20.0,4.321928094887363,978,40,6.99731810079,127.76227531559135,42.58742510519712,5.412355600068844,14.195808368399039,3.8273930993476877,7.56797295774,189.75222045528176,63.25074015176059,5.983010457018844,21.08358005058686,4.398047956297688,49,0
346,THZ-2-102-1,-,CDK7,Cell cycle,none,none,none,,6.032405475424714,2.5,1.3219280948873624,960,40,-2.82033146492,0.1415779538273296,0.047192651275776536,-4.405293965641156,0.015730883758592176,-5.990256466362313,-2.12097101009,0.22989213100706046,0.07663071033568682,-3.7059335108111564,0.025543570111895605,-5.290896011532312,753,33
35,NVP-TAE684,"NVP-TAE 684, TAE684, TAE-684",ALK,RTK signaling,S1108,761439-42-3,16038120,,6.805285319227447,2.0,1.0,434,4,1.092984301925,2.133148350587017,0.7110494501956723,-0.491978198796156,0.23701648339855744,-2.076940699517312,1.7569838826565,3.3799077781531364,1.1266359260510455,0.1720213819353438,0.3755453086836818,-1.4129411187858125,206,2
37,Crizotinib,"Xalkori, PF2341066, PF-2341066, PF 2341066","MET, ALK, ROS1",RTK signaling,S1068,877399-52-5,11626560,,7.203238439396684,2.0,1.0,434,4,5.8635217030649995,58.223178800623295,19.40772626687443,4.2785592023438435,6.4692420889581435,2.693596701622687,8.251368851419999,304.7260130843325,101.5753376947775,6.666406350698843,33.85844589825917,5.081443849977687,37,0
38,Saracatinib,"AZD0530, AZD-0530, AZ-10353926","ABL, SRC",RTK signaling,S1006,379231-04-6,10302451,,7.274084937757015,2.0,1.0,436,4,5.555004676235001,47.013548650572424,15.671182883524141,3.9700421755138446,5.223727627841381,2.3850796747926886,3.0157054829299996,8.08756545292868,2.6958551509762265,1.4307429822088433,0.8986183836587421,-0.15421951851231286,57,1
41,S-Trityl-L-cysteine,"NSC 83265, Tritylcysteine",KIF11,Mitosis,none,2799-07-7,76044,,6.614541241638257,5.12,2.356143810225275,425,4,1.29272319138,2.4499005584606617,0.8166335194868872,-0.29223930934115633,0.27221117316229576,-1.8772018100623125,3.2032555396585,9.210347183573136,3.070115727857712,1.6182930389373438,1.023371909285904,0.03333053821618759,275,2
45,Z-LLNle-CHO,"Z-L-Norleucine-CHO, Gamma-Secretase Inhibitor 1",gamma-secretase,Other,none,133407-83-7,16760646,,6.377615758608001,2.56,1.3561438102252754,426,4,0.2954123404525,1.227235686582334,0.4090785621941113,-1.289550160268656,0.13635952073137045,-2.8745126609898124,0.064161366687055,1.0454770311750332,0.3484923437250111,-1.5208011340341012,0.1161641145750037,-3.1057636347552573,308,3
5,Sunitinib,"Sutent, Sunitinib Malate, SU-11248","PDGFR, KIT, VEGFR, FLT3, RET, CSF1R",RTK signaling,S7781,557795-19-4,5329102,341031-54-7 (malate),6.881746877212768,8.0,3.0,426,4,3.04130854669,8.232374118485389,2.7441247061617964,1.4563460459688438,0.9147082353872654,-0.12861645475231254,4.14603029269,17.704329388559195,5.901443129519731,2.561067791968844,1.9671477098399106,0.9761052912476877,211,2
51,Dasatinib,"BMS-354825-03, BMS-354825, Sprycel","ABL, SRC, Ephrins, PDGFR, KIT",Other,S1021,302962-49-8,3062316,,7.267306570904463,1.28,0.35614381022527536,423,4,4.22611063118,18.71483769262867,6.238279230876223,2.641148130458844,2.0794264102920743,1.0561856297376877,-0.6843946937916501,0.6222668540826601,0.20742228469422005,-2.269357194512806,0.06914076156474001,-3.8543196952339627,138,3
52,GNF-2,KIN001-013,BCR-ABL,ABL signaling,S2899,778270-11-4,5311510,,6.943809852722812,1.28,0.35614381022527536,424,4,6.4259291225599995,85.97999507440983,28.65999835813661,4.840966621838843,9.553332786045537,3.2560041211176873,6.556519046165,94.12584760102203,31.37528253367401,4.9715565454438435,10.45842751122467,3.386594044722687,10,0
53,CGP-60474,"KIN001-019, CGP60474, CGP 60474","CDK1,CDK2,CDK5,CDK7,CDK9, PKC",Cell cycle,none,164658-13-3,644215,,5.37747446586176,0.256,-1.965784284662087,426,4,-3.5621562611,0.08466114078374068,0.028220380261246892,-5.147118761821156,0.009406793420415631,-6.732081262542312,-3.721137297925,0.07582738085702363,0.025275793619007877,-5.306099798646156,0.008425264539669292,-6.891062299367312,343,3
54,CGP-082996,"CINK4, KIN001-021",CDK4,Cell cycle,none,none,24825971,,7.126958038439073,5.12,2.356143810225275,426,4,4.17535671415,18.067897309960156,6.022632436653385,2.5903942134288442,2.0075441455511283,1.005431712707688,3.9283072751100008,15.224334659500077,5.074778219833359,2.3433447743888447,1.691592739944453,0.7583822736676884,83,2
55,A-770041,KIN001-111,"LCK, FYN","Other, kinases",none,869748-10-7,9549184,,7.347591888788893,5.12,2.356143810225275,427,4,4.529595844569999,23.096396016166928,7.698798672055642,2.9446333438488432,2.5662662240185474,1.359670843127687,2.91988910981,7.567879459845694,2.5226264866152315,1.334926609088844,0.8408754955384105,-0.2500358916323122,137,1
56,WH-4-023,KIN001-112,"SRC, LCK","Other, kinases",S7565,837422-57-8,11844351,,7.389093298082527,5.12,2.356143810225275,424,4,5.635840103854999,49.72295402411237,16.574318008037455,4.050877603133843,5.524772669345818,2.4659151024126866,5.360835778815,41.09342797906297,13.697809326354324,3.7758732780938438,4.565936442118108,2.1909107773726877,102,1
59,WZ-1-84,KIN001-123,BMX,"Other, kinases",none,none,49821040,,7.009074652864638,10.24,3.356143810225275,426,4,6.8484990560700005,115.24010389651728,38.41336796550576,5.2635365553488445,12.804455988501921,3.6785740546276884,6.535215302315001,92.74613793927395,30.915379313091318,4.9502528015938445,10.305126437697105,3.365290300872688,37,1
6,PHA-665752,"PHA665752, PHA 665752",MET,RTK signaling,S1070,477575-56-7,10461815,,6.968718900278304,2.0,1.0,435,4,6.599642426830001,96.9818202525276,32.3272734175092,5.014679926108845,10.775757805836399,3.4297174253876883,5.48681004217,44.84297356428222,14.94765785476074,3.901847541448844,4.98255261825358,2.316885040727688,11,0
60,BI-2536,-,"PLK1, PLK2, PLK3",Cell cycle,S1109,755038-02-9,11364421,,5.58348954245041,0.256,-1.965784284662087,425,4,-3.29226060783,0.1020776829531805,0.03402589431772683,-4.877223108551156,0.01134196477257561,-6.4621856092723124,-0.7730859246049999,0.5851644682413085,0.19505482274710284,-2.358048425326156,0.06501827424903428,-3.9430109260473123,284,2
62,BMS-536924,BMS 536924,"IGF1R, IR",IGFR signaling,S1012,468740-43-4,10390396,,7.142890145113589,5.12,2.356143810225275,426,4,2.8053568241000004,6.990311878695624,2.330103959565208,1.2203943233788443,0.7767013198550693,-0.36456817734231195,1.309608250548,2.4787422307508384,0.8262474102502795,-0.2753542501731562,0.2754158034167598,-1.8603167508943124,181,2
63,BMS-509744,"KIN001-127, ITK inhibitor",ITK,Other,none,439575-02-7,20635522,,6.990843361219023,10.24,3.356143810225275,427,4,4.1470685656300015,17.717075354758617,5.905691784919539,2.5621060649088454,1.968563928306513,0.9771435641876892,3.66914240893,12.721019649491053,4.240339883163684,2.0841799082088435,1.413446627721228,0.49921740748768756,138,1
64,CMK,KIN001-128,RSK2,ERK MAPK signaling,none,821794-90-5,16663089,,7.040946602473218,4.0,2.0,426,4,2.422410097415,5.36065800236377,1.7868860007879235,0.8374475966938436,0.5956286669293078,-0.7475149040273126,4.095314810570001,17.092775937499482,5.697591979166494,2.5103523098488445,1.8991973263888313,0.9253898091276883,177,1
71,Pyrimethamine,"Daraprim, Chloridine",Dihydrofolate reductase (DHFR),Other,S2006,58-14-0,4993,,7.164546216787881,20.0,4.321928094887363,429,3,5.468988153230001,44.29242720244208,14.764142400814025,3.8840256525088446,4.921380800271342,2.299063151787688,7.079643375610001,135.26486850447088,45.088289501490294,5.494680874888845,15.029429833830099,3.9097183741676886,144,1
83,JW-7-52-1,Torin 1,MTOR,PI3K/MTOR signaling,S2827,1222998-36-8,49836027,,5.930805730319552,1.2,0.2630344058337938,411,4,-2.64192354283,0.1602144810331835,0.05340482701106117,-4.226886043551156,0.017801609003687057,-5.811848544272312,-3.22479381501,0.10696466413817467,0.03565488804605822,-4.809756315731156,0.011884962682019407,-6.394718816452312,319,3
86,A-443654,KIN001-139,"AKT1, AKT2, AKT3",PI3K/MTOR signaling,none,552325-16-3,10172943,,5.829199355191616,1.024,0.03421571533791298,426,4,-1.50754501949,0.3517092004782203,0.11723640015940677,-3.092507520211156,0.03907880005313559,-4.677470020932312,-0.7807236144300002,0.5820747680053823,0.19402492266846075,-2.3656861151511563,0.06467497422282026,-3.9506486158723124,346,2
87,GW843682X,GW843682X (AN-13),PLK1,Cell cycle,none,660868-91-7,9826308,,5.623797520718208,0.256,-1.965784284662087,427,4,-4.25287990486,0.05245121836607809,0.017483739455359363,-5.837842405581156,0.005827913151786455,-7.4228049063023125,-2.1780489627149997,0.22097438312875473,0.07365812770958491,-3.763011463436156,0.024552709236528303,-5.347973964157312,296,2
88,Entinostat,MS-275,"HDAC1, HDAC3",Chromatin histone acetylation,S1053,209783-80-2,4261,,6.6510552383563875,5.0,2.321928094887362,428,3,0.6850306213395001,1.607736105475957,0.5359120351586523,-0.8999318793816562,0.1786373450528841,-2.4848943801028125,1.57217063135,2.9735176338436133,0.9911725446145377,-0.012791869371156324,0.33039084820484593,-1.5977543700923125,322,3
89,Parthenolide,-,HDAC1,Chromatin histone acetylation,S2341,20554-84-1,7251185,,7.234655640944012,5.0,2.321928094887362,429,3,3.902154560940001,14.950839199763402,4.983613066587801,2.317192060218845,1.661204355529267,0.7322295594976888,8.67223621281,407.94651701295396,135.98217233765132,7.0872737120888445,45.327390779217104,5.502311211367688,116,1
9,MG-132,"LLL cpd, MG 132, MG132","Proteasome, CAPN1",Protein stability and degradation,S2619,133407-82-6,462382,,6.450787743327774,1.0,0.0,427,4,-0.777600774895,0.5833360843473971,0.19444536144913238,-2.3625632756161563,0.06481512048304412,-3.9475257763373124,-1.5163232512,0.34957568575092207,0.11652522858364069,-3.1012857519211563,0.038841742861213564,-4.686248252642312,289,3
91,GSK319347A,"KIN001-135, IKK-3 inhibitor",IKK,Other,none,862812-98-4,11626927,,6.674039892644955,5.0,2.321928094887362,429,4,7.57755870371,191.0171951588372,63.67239838627907,5.992596202988844,21.224132795426357,4.407633702267688,7.8980455,238.53307268636334,79.51102422878778,6.313082999278844,26.50367474292926,4.728120498557688,0,0
94,TGX221,"TGX-221, Tgx 221",PI3Kbeta,PI3K/MTOR signaling,S1169,663619-89-4,9907093,,6.876158043014368,10.0,3.321928094887362,427,4,7.362092281130002,164.5169340873453,54.838978029115104,5.7771297804088455,18.279659343038368,4.192167279687689,8.007748284995,257.37859839276825,85.79286613092275,6.422785784273843,28.597622043640918,4.837823283552687,20,1
